source,cpo_name,govt_private,state,district,city_village,location,latitude,longitude,charger_type,charger_rating,connector_rating,no_of_connector
BEE_EV_PCS_2025,Ather,Private,Gujarat,Valsad,Vapi,"Nh 48, Phase 1, Gidc, Vapi, Gujarat 396191",20.358949,72.916733,LEV DC Charge Point (IS-17017-2-7),3.3,3.3,1
BEE_EV_PCS_2025,Ather,Private,Gujarat,Surat,Surat City,"3Mg4+Wv6, Hazira, Gujarat",21.077361,72.657319,LEV DC Charge Point (IS-17017-2-7),3.3,3.3,1
BEE_EV_PCS_2025,Ather,Private,Gujarat,Surat,Surat City,"Surat - Bardoli Rd, Opp. Pragati Tata Motors, Gidc, Bardoli, Surat, Gujarat 394601",21.117214,73.096008,LEV DC Charge Point (IS-17017-2-7),3.3,3.3,1
BEE_EV_PCS_2025,Ather,Private,Gujarat,Surat,Surat City,"Ug-6, Safal Square, Opp. Prime Shoppers, Vesu, Surat, Gujarat 395007",21.148373,72.765474,LEV DC Charge Point (IS-17017-2-7),3.3,3.3,1
BEE_EV_PCS_2025,Ather,Private,Gujarat,Surat,Surat City,"G1 And G2, Milagro Milestone, Opposite Um Road, Someshwara Enclave, Vesu, Surat, Gujarat",21.15295,72.778545,LEV DC Charge Point (IS-17017-2-7),3.3,3.3,1
BEE_EV_PCS_2025,Ather,Private,Gujarat,Surat,Surat City,"48,49,Narayan Nagar Ind.,Vi-2 Behind Ttl (Textile Trade Link, Limbayat, Surat, Gujarat 395010",21.18029,72.860734,LEV DC Charge Point (IS-17017-2-7),3.3,3.3,1
BEE_EV_PCS_2025,Ather,Private,Gujarat,Surat,Surat City,"Bhatha, Surat, Gujarat 394510",21.185001,72.760181,LEV DC Charge Point (IS-17017-2-7),3.3,3.3,1
BEE_EV_PCS_2025,Ather,Private,Gujarat,Surat,Surat City,"1,2. Abhinandan Heights, Nr.Madhuvan Circle, Lp Savani Rd, Adajan Gam, Adajan, Surat, Gujarat",21.20145,72.793138,LEV DC Charge Point (IS-17017-2-7),3.3,3.3,1
BEE_EV_PCS_2025,Ather,Private,Gujarat,Surat,Surat City,"P767, Ashwini Kumar Road, New Gidc",21.228029,72.842445,LEV DC Charge Point (IS-17017-2-7),3.3,3.3,1
BEE_EV_PCS_2025,Ather,Private,Gujarat,Surat,Surat City,"Platinum Plaza, Neat Vt Circle, Sarthana Jakat Naka, Surat, Gujarat 395006",21.230447,72.908377,LEV DC Charge Point (IS-17017-2-7),3.3,3.3,1
BEE_EV_PCS_2025,Ather,Private,Gujarat,Vadodara,Vadodara,"855/1/C Vadodara, Makarpura Gidc, Vadodara, Gujarat 390010",22.245089,73.180983,LEV DC Charge Point (IS-17017-2-7),3.3,3.3,1
BEE_EV_PCS_2025,Ather,Private,Gujarat,Rajkot,Rajkot,"10, Gondal Rd, Behind S T Workshop, Samrat Industrial Area, Rajkot, Gujarat 360004",22.258533,70.79786,LEV DC Charge Point (IS-17017-2-7),3.3,3.3,1
BEE_EV_PCS_2025,Ather,Private,Gujarat,Vadodara,Vadodara,"Rutu Platina Complex, Gf 1 & 2, Near Patidar Circle, Eva Mall, Manjalpur, Vadodara, Gujarat 390011",22.272786,73.188366,LEV DC Charge Point (IS-17017-2-7),3.3,3.3,1
BEE_EV_PCS_2025,Ather,Private,Gujarat,Vadodara,Vadodara,"1&2 Manjalpur Road, Near, Vrajdham Mandir Rd, Swarnaganga Society, Vadodara, Gujarat 390011",22.275363,73.188226,LEV DC Charge Point (IS-17017-2-7),3.3,3.3,1
BEE_EV_PCS_2025,Ather,Private,Gujarat,Rajkot,Rajkot,"Near J P Tower, Tagore Rd, Opposite Golden Plaza, Rajkot, Gujarat 360002",22.284284,70.794245,LEV DC Charge Point (IS-17017-2-7),3.3,3.3,1
BEE_EV_PCS_2025,Ather,Private,Gujarat,Vadodara,Vadodara,"D-5, Apsara Apartment, Kanaiyalal Munshi Marg, Beside Apsara Cinema, Pratap Nagar, Navapura, Vadodara, Gujarat 390004",22.286577,73.208181,LEV DC Charge Point (IS-17017-2-7),3.3,3.3,1
BEE_EV_PCS_2025,Ather,Private,Gujarat,Rajkot,Rajkot,"Main Road, Commissioner Bunglow Rd, Near Swami Vivekananda Road, Ram Krishna Nagar, Rama Krishan Nagar, Rajkot, Gujarat 360002",22.288875,70.793041,LEV DC Charge Point (IS-17017-2-7),3.3,3.3,1
BEE_EV_PCS_2025,Ather,Private,Gujarat,Vadodara,Vadodara,"Dabhoi - Waghodia Ring Rd, Opp. Shri Swami Narayan Gurukul, Near Parivar Char Rasta, Waghodia, Vadodara, Gujarat 390019",22.289321,73.235748,LEV DC Charge Point (IS-17017-2-7),3.3,3.3,1
BEE_EV_PCS_2025,Ather,Private,Gujarat,Vadodara,Vadodara,"Near Faiz School, Zamzam Park, B-61, Tandalja, Vadodara, Gujarat 390012",22.290089,73.149378,LEV DC Charge Point (IS-17017-2-7),3.3,3.3,1
BEE_EV_PCS_2025,Ather,Private,Gujarat,Rajkot,Rajkot,"Near, Karuna Nidhan University Main Road, Kotecha Cir, Rajkot, Gujarat 360005",22.290568,70.777726,LEV DC Charge Point (IS-17017-2-7),3.3,3.3,1
BEE_EV_PCS_2025,Ather,Private,Gujarat,Vadodara,Vadodara,"Shop No. 17, Pratham Ave, Opp. Hotel Taj Vivanta, Pratham Avenue, Akota, Vadodara, Gujarat 390020",22.292183,73.173468,LEV DC Charge Point (IS-17017-2-7),3.3,3.3,1
BEE_EV_PCS_2025,Ather,Private,Gujarat,Vadodara,Vadodara,"Jetalpur Rd, Anand Nagar, Haripura, Vadodara, Gujarat 390020",22.30652,73.177167,LEV DC Charge Point (IS-17017-2-7),3.3,3.3,1
BEE_EV_PCS_2025,Ather,Private,Gujarat,Rajkot,Rajkot,"Kuvadava Rd, Opp. Reliance Petrol Pump, Bhagvati Park, Ranchod Nagar Society, Arya Nagar, Rajkot, Gujarat 360003",22.306982,70.816222,LEV DC Charge Point (IS-17017-2-7),3.3,3.3,1
BEE_EV_PCS_2025,Ather,Private,Gujarat,Vadodara,Vadodara,"Sun Buildings, Race Course Rd, Besides Citibank, Vadodara, Gujarat 390020",22.308869,73.160277,LEV DC Charge Point (IS-17017-2-7),3.3,3.3,1
BEE_EV_PCS_2025,Ather,Private,Gujarat,Vadodara,Vadodara,"Ground Floor, Regent Tower, Race Course Rd,",22.309436,73.165533,LEV DC Charge Point (IS-17017-2-7),3.3,3.3,1
BEE_EV_PCS_2025,Ather,Private,Gujarat,Rajkot,Rajkot,"Shop No 14, 150 Feet Ring Rd, Shastri Nagar, Dharam Nagar, Rajkot, Gujarat 360005",22.315278,70.76744,LEV DC Charge Point (IS-17017-2-7),3.3,3.3,1
BEE_EV_PCS_2025,Ather,Private,Gujarat,Vadodara,Vadodara,"Second Floor, Gunjan Complex, Harni Rd, Sangam Char Rasta, Vadodara, Gujarat 390006",22.31869,73.211899,LEV DC Charge Point (IS-17017-2-7),3.3,3.3,1
BEE_EV_PCS_2025,Ather,Private,Gujarat,Vadodara,Vadodara,"Opp. Sbi Cantonment Branch Besides Gifts For You, Jayesh Colony, Fatehgunj, Vadodara, Gujarat 390002",22.323593,73.189409,LEV DC Charge Point (IS-17017-2-7),3.3,3.3,1
BEE_EV_PCS_2025,Ather,Private,Gujarat,Vadodara,Vadodara,"Beside D-Mart, Old Chhani Road, Near Pandya Bridge, Chhani Station Road, Vadodara, Gujarat 390007",22.323784,73.176356,LEV DC Charge Point (IS-17017-2-7),3.3,3.3,1
BEE_EV_PCS_2025,Ather,Private,Gujarat,Rajkot,Rajkot,"Jakaat Naaka, Ramani Park, Near Mobri, Juno Morbi Rd, Rajkot, Gujarat 360003",22.324521,70.821643,LEV DC Charge Point (IS-17017-2-7),3.3,3.3,1
BEE_EV_PCS_2025,Ather,Private,Gujarat,Vadodara,Vadodara,"Dinbandhu Society, Nehru Park Society, Bajwa, Vadodara, Gujarat 391320",22.363541,73.144164,LEV DC Charge Point (IS-17017-2-7),3.3,3.3,1
BEE_EV_PCS_2025,Ather,Private,Gujarat,Jamnagar,Jamnagar,"Plot No 18, Sardar Industrial Estate, Behind Apple International, Nandanvan Park, Dared, Jamnagar, Gujarat 361005",22.409428,70.055318,LEV DC Charge Point (IS-17017-2-7),3.3,3.3,1
BEE_EV_PCS_2025,Ather,Private,Gujarat,Jamnagar,Jamnagar,"Plot No.3337, Shed No. 2 C- Road, Nr. Smi Circle, Phase -3, Dared, Jamnagar, Gujarat 361004",22.418075,70.04157,LEV DC Charge Point (IS-17017-2-7),3.3,3.3,1
BEE_EV_PCS_2025,Ather,Private,Gujarat,Jamnagar,Jamnagar,"46/1, Hirji Mistry Rd, Ancillary Bhawan, Udyog Nagar, Shankar Tekri, Jamnagar, Gujarat 361005",22.460056,70.051458,LEV DC Charge Point (IS-17017-2-7),3.3,3.3,1
BEE_EV_PCS_2025,Ather,Private,Gujarat,Jamnagar,Jamnagar,"Nr. Hotel Vishal International Jamnagar Khambhaliya, Highway, Jamnagar, Gujarat 361006",22.464549,70.038673,LEV DC Charge Point (IS-17017-2-7),3.3,3.3,1
BEE_EV_PCS_2025,Ather,Private,Gujarat,Jamnagar,Jamnagar,"Ground Floor, Plot No 83, Gurukrupa Heights, Saru Section Rd, Near Gujarat Maritime Board, Jamnagar, Gujarat 361006",22.474712,70.051674,LEV DC Charge Point (IS-17017-2-7),3.3,3.3,1
BEE_EV_PCS_2025,Ather,Private,Gujarat,Jamnagar,Jamnagar,"M.P. Shah Udhyog Nagar, Saru Section Rd, Opp. L. N Classes, Industrial Estate, Jamnagar, Gujarat 361008",22.485191,70.048833,LEV DC Charge Point (IS-17017-2-7),3.3,3.3,1
BEE_EV_PCS_2025,Ather,Private,Gujarat,Rajkot,Rajkot,"Sanala By Pass, Bhakti Nagar Cir, Bhakti Nagar, Morbi, Rajkot, Gujarat 363641",22.7949,70.810165,LEV DC Charge Point (IS-17017-2-7),3.3,3.3,1
BEE_EV_PCS_2025,Ather,Private,Gujarat,Ahmedabad,Ahmedabad,"Prernapith, Satpanth Mandir Pirana Rd, Pirana, Ahmedabad, Gujarat 382425",22.883623,72.54338,LEV DC Charge Point (IS-17017-2-7),3.3,3.3,1
BEE_EV_PCS_2025,Ather,Private,Gujarat,Ahmedabad,Ahmedabad,"3-4, Behind Bank Of Baroda, Nandej-Barejadi, Ahmedabad - 382435, Gujarat",22.895765,72.679372,LEV DC Charge Point (IS-17017-2-7),3.3,3.3,1
BEE_EV_PCS_2025,Ather,Private,Gujarat,Ahmedabad,Ahmedabad,"Maruti Restaurant ,Ashwamegh Industrial Park Kamod To Pirana Road, Ahmedabad, Gujarat 382425",22.89947,72.544761,LEV DC Charge Point (IS-17017-2-7),3.3,3.3,1
BEE_EV_PCS_2025,Ather,Private,Gujarat,Ahmedabad,Ahmedabad,"Kamod, Satpanth Mandir Pirana Rd, Near Shiv Prerana Industrial Park, Ahmedabad, Gujarat 382427",22.905549,72.54547,LEV DC Charge Point (IS-17017-2-7),3.3,3.3,1
BEE_EV_PCS_2025,Ather,Private,Gujarat,Ahmedabad,Ahmedabad,"43, Shyam Estate, Behind Steel Town, At Post- Moraiya, Changodar, Ahmedabad, Gujarat 382213",22.910228,72.438897,LEV DC Charge Point (IS-17017-2-7),3.3,3.3,1
BEE_EV_PCS_2025,Ather,Private,Gujarat,Ahmedabad,Ahmedabad,"27, Dholeshwar Nagar, Nr. Saffron Hotel, Sarkhej-Bavla Road, Changodar, Ahmedabad",22.924662,72.44416,LEV DC Charge Point (IS-17017-2-7),3.3,3.3,1
BEE_EV_PCS_2025,Ather,Private,Gujarat,Ahmedabad,Ahmedabad,"Shop No- 28, 25/2/2 + 26/2/2 & 50 Gopinath Ind. Hub, Opp. Durganagar, Nr. Vatva Gidc Over Bridge, Ambica Tube Mill Compound, Vatva, Ahmedabad 380050",22.96703,72.624776,LEV DC Charge Point (IS-17017-2-7),3.3,3.3,1
BEE_EV_PCS_2025,Ather,Private,Gujarat,Ahmedabad,Ahmedabad,"Rohit Estate, Opp. Ujala Circle, Sarkhej - Gandhinagar Hwy, Sarkhej, Ahmedabad, Gujarat 382210",22.979977,72.49231,LEV DC Charge Point (IS-17017-2-7),3.3,3.3,1
BEE_EV_PCS_2025,Ather,Private,Gujarat,Ahmedabad,Ahmedabad,"M M Rajputana Complex Near Hajra Masjid Opp Essar Petrol Pump Sarkhej Juhapura, Road, S Arkhej, Ahmedabad, Gujarat 380055",22.990013,72.514771,LEV DC Charge Point (IS-17017-2-7),3.3,3.3,1
BEE_EV_PCS_2025,Ather,Private,Gujarat,Ahmedabad,Ahmedabad,"Shop No.1, Mahalaxmi Corner, Opp. Sardar Patel Hospital, Rambagh, Maninagar, Ahmedabad, Gujarat 380008",22.999473,72.601456,LEV DC Charge Point (IS-17017-2-7),3.3,3.3,1
BEE_EV_PCS_2025,Ather,Private,Gujarat,Ahmedabad,Ahmedabad,"201 Abhijyot Square Nr. Safal Solitaire & Matrix B/S Divya Bhaskar Press, Sarkhej - Gandhinagar Hwy, Ahmedabad, Gujarat 380051",22.999641,72.500032,LEV DC Charge Point (IS-17017-2-7),3.3,3.3,1
BEE_EV_PCS_2025,Ather,Private,Gujarat,Ahmedabad,Ahmedabad,"1, Solitaire Complex, Near Divya Bhaskar, Sg Road, Ahmedabad, Gujarat - 380015",22.999901,72.49931,LEV DC Charge Point (IS-17017-2-7),3.3,3.3,1
BEE_EV_PCS_2025,Ather,Private,Gujarat,Ahmedabad,Ahmedabad,"Shop No : 2,3,4,5, Saujanya Apartment I Ashima Mill, Compound Near, Anupam Cinema, Shri Khandubhai Desai Marg, Khokhra, Ahmedabad - 380008",23.008207,72.615616,LEV DC Charge Point (IS-17017-2-7),3.3,3.3,1
BEE_EV_PCS_2025,Ather,Private,Gujarat,Ahmedabad,Ahmedabad,"100 Feet Anand Nagar Rd, Near Shell Petrol Pump, Prahlad Nagar, Ahmedabad, Gujarat 380015",23.012392,72.513711,LEV DC Charge Point (IS-17017-2-7),3.3,3.3,1
BEE_EV_PCS_2025,Ather,Private,Gujarat,Ahmedabad,Ahmedabad,"Rakhial Rd, Krishna Nagar, Rakhial, Ahmedabad, Gujarat 380018",23.022306,72.615939,LEV DC Charge Point (IS-17017-2-7),3.3,3.3,1
BEE_EV_PCS_2025,Ather,Private,Gujarat,Ahmedabad,Ahmedabad,"Shop No. 01, Ground Floor, 3Rd Eye Vision Opp. Shivalik Plaza, Near Ama, Panjrapole Charrasta, Ahmedabad, Gujarat",23.028197,72.543289,LEV DC Charge Point (IS-17017-2-7),3.3,3.3,1
BEE_EV_PCS_2025,Ather,Private,Gujarat,Ahmedabad,Ahmedabad,"Between Girish Coldrink And Xaviers Corner, Chimanlal Girdharlal Rd, Navrangpura, Ahmedabad, Gujarat",23.033167,72.556813,LEV DC Charge Point (IS-17017-2-7),3.3,3.3,1
BEE_EV_PCS_2025,Ather,Private,Gujarat,Ahmedabad,Ahmedabad,"Hl, Commerce College Rd, Opp. Yanki Sizzlers, Navrangpura, Ahmedabad, Gujarat 380009",23.035791,72.554746,LEV DC Charge Point (IS-17017-2-7),3.3,3.3,1
BEE_EV_PCS_2025,Ather,Private,Gujarat,Ahmedabad,Ahmedabad,"101-102, Prarthana Complex, Nr. Kakadia Hospital, Opp. Dinesh Chambers, Bapunagar, Ahmedabad, Gujarat",23.040249,72.630711,LEV DC Charge Point (IS-17017-2-7),3.3,3.3,1
BEE_EV_PCS_2025,Ather,Private,Gujarat,Ahmedabad,Ahmedabad,"Kasturi Pride, Nikol, Ahmedabad, Gujarat 380038",23.045488,72.68046,LEV DC Charge Point (IS-17017-2-7),3.3,3.3,1
BEE_EV_PCS_2025,Ather,Private,Gujarat,Ahmedabad,Ahmedabad,"Nr. Taj Lane Hotel, Sankalp Square Lane Nr. S. P. Ring Road, Sindhu Bhavan Marg, Road, Ahmedabad, Gujarat",23.04574,72.483755,LEV DC Charge Point (IS-17017-2-7),3.3,3.3,1
BEE_EV_PCS_2025,Ather,Private,Gujarat,Ahmedabad,Ahmedabad,"C/6 , Ashwarath Complex Near Municipal Corporation Zonal Office, Usmanpura, Ahmedabad, Gujarat 380013",23.047764,72.57113,LEV DC Charge Point (IS-17017-2-7),3.3,3.3,1
BEE_EV_PCS_2025,Ather,Private,Gujarat,Ahmedabad,Ahmedabad,"Plot No.33/1/1, Nikol - Naroda Rd, Near Shrushti Lavish, Opp. Block-C, Nikol, Ahmedabad, Gujarat 382330",23.061866,72.671616,LEV DC Charge Point (IS-17017-2-7),3.3,3.3,1
BEE_EV_PCS_2025,Ather,Private,Gujarat,Ahmedabad,Ahmedabad,"2 Shreekunj Eligance, Near Sahaj Paradise Banglow, Ahmedabad, Gujarat",23.073553,72.520875,LEV DC Charge Point (IS-17017-2-7),3.3,3.3,1
BEE_EV_PCS_2025,Ather,Private,Gujarat,Ahmedabad,Ahmedabad,"Riddhi Eatery Science City,Shop No. 1-2-3, Satyam Complex, ,Opp. J.B.R. Arcade, Science City Road, Sola, Ahmedabad, Gujarat 380060",23.074845,72.511429,LEV DC Charge Point (IS-17017-2-7),3.3,3.3,1
BEE_EV_PCS_2025,Ather,Private,Gujarat,Ahmedabad,Ahmedabad,"Block-B, Shukan Platinum, G 10,11,12 Shukun Platinum, New Sg Road, Vandhe Mataram Nagar, Shukan Lotus, Gota, Shukan Platinum Rd, Vandematram Arcade, Gota, Ahmedabad, Gujarat 382481",23.094584,72.546542,LEV DC Charge Point (IS-17017-2-7),3.3,3.3,1
BEE_EV_PCS_2025,Ather,Private,Gujarat,Ahmedabad,Ahmedabad,"9,10, Aditya Avenue, Nr. Krishna Banglows,Motera, Ahmedabad-380005",23.107274,72.600523,LEV DC Charge Point (IS-17017-2-7),3.3,3.3,1
BEE_EV_PCS_2025,Ather,Private,Gujarat,Ahmedabad,Ahmedabad,"Opposite Radhe Fortune, Bhat Circle, S.P Ring Road, Ah,Edabad",23.116852,72.628852,LEV DC Charge Point (IS-17017-2-7),3.3,3.3,1
BEE_EV_PCS_2025,Ather,Private,Gujarat,Ahmedabad,Ahmedabad,"204, Sardar Patel Ring Rd, Nigam Nagar, Chandkheda, Ahmedabad, Gujarat 382424",23.124141,72.603776,LEV DC Charge Point (IS-17017-2-7),3.3,3.3,1
BEE_EV_PCS_2025,Ather,Private,Gujarat,Ahmedabad,Ahmedabad,"Cluster_Gandhinagar 2 Office, Sector 16, Gandhinagar, Gujarat",23.231052,72.648583,LEV DC Charge Point (IS-17017-2-7),3.3,3.3,1
BEE_EV_PCS_2025,Ather,Private,Gujarat,Ahmedabad,Ahmedabad,"Plot No 145, 2Nd Floor, Royal Honda Showroom, Sector 21, Gandhinagar, Gujarat",23.231621,72.668206,LEV DC Charge Point (IS-17017-2-7),3.3,3.3,1
BEE_EV_PCS_2025,Ather,Private,Gujarat,Gandhinagar,Gandhinagar,"E/56 Second Floor, Gidc Rd, Sector 26, Gandhinagar, Gujarat 382028",23.25545,72.63516,LEV DC Charge Point (IS-17017-2-7),3.3,3.3,1
BEE_EV_PCS_2025,Ather,Private,Gujarat,Mahesana,Mehsana,"F-35 , S9 Market , Opp. Starline Maruti, Mehsana - Ahmedabad Highway",23.580898,72.36904,LEV DC Charge Point (IS-17017-2-7),3.3,3.3,1
BEE_EV_PCS_2025,EESL,Govt.,Gujarat,Ahmedabad,Ahmedabad,"Amc Near Gate 2, Kakariya Lake, Near Public Convenience,Ahmedabad,Gujarat - 380002",23.013058,72.600801,Combo (CCS-II + CHAdeMo + Type II),122.0,50+50+22,3
BEE_EV_PCS_2025,EESL,Govt.,Gujarat,Ahmedabad,Ahmedabad,"Amc Near Gate 2, Kakariya Lake, Near Public Convenience,Ahmedabad,Gujarat - 380002",23.013058,72.600801,Bharat DC-001,15.0,15,1
BEE_EV_PCS_2025,EESL,Govt.,Gujarat,Ahmedabad,Ahmedabad,"Kakariya Lake,Ahmedabad,Gujarat - 380002",23.003914,72.59887,Bharat DC-001,15.0,15,1
BEE_EV_PCS_2025,EESL,Govt.,Gujarat,Ahmedabad,Ahmedabad,"Navrangpura Parking Complex, Ahmedabad,Gujarat - 380009",23.038277,72.56377,Combo (CCS-II + CHAdeMo + Type II),122.0,50+50+22,3
BEE_EV_PCS_2025,EESL,Govt.,Gujarat,Ahmedabad,Ahmedabad,"Navrangpura Parking Complex, Ahmedabad,Gujarat - 380009",23.038277,72.56377,Bharat DC-001,15.0,15,1
BEE_EV_PCS_2025,EESL,Govt.,Gujarat,Ahmedabad,Ahmedabad,"Near Gate 7, Kids City,Kakariya Lake,Ahmedabad,Gujarat - 380002",23.002405,72.60098,Combo (CCS-II + CHAdeMo + Type II),122.0,50+50+22,3
BEE_EV_PCS_2025,EESL,Govt.,Gujarat,Ahmedabad,Ahmedabad,"Near Gate 7, Kids City,Kakariya Lake,Ahmedabad,Gujarat - 380002",23.002405,72.60098,Bharat DC-001,15.0,15,1
BEE_EV_PCS_2025,Fortum,Private,Gujarat,Ahmedabad,Ahmedabad,"Shree Gokulesh Petroleum - Coco Vejalpur, Next To Sachin Towers Shyamal Cross Roads, Ahmedabad, Gujarat 380015",23.013027,72.523872,Combo (CCS-II+CHAdeMO),50.0,25,2
BEE_EV_PCS_2025,Fortum,Private,Gujarat,Ahmedabad,Ahmedabad,"Shree Gokulesh Petroleum - Coco Vejalpur, Next To Sachin Towers Shyamal Cross Roads, Ahmedabad, Gujarat 380015",23.013027,72.523872,Bharat DC-001,15.0,15,1
BEE_EV_PCS_2025,HPCL,Govt.,Gujarat,Porbandar,Porbandar,Aai Maa Petroleum Rajkot,21.36546,70.70263,Bharat AC-001,3.3,3.3,1
BEE_EV_PCS_2025,HPCL,Govt.,Gujarat,Kachchh,Bhuj,Adhoc Khawda Petroleum Gandhidham,22.989076,69.842981,Type-II AC,7.4,7.4,1
BEE_EV_PCS_2025,HPCL,Govt.,Gujarat,Kachchh,Bhuj,Adhoc Ram Petroleum Rajkot,22.862729,69.688926,Type-II AC,7.4,7.4,1
BEE_EV_PCS_2025,HPCL,Govt.,Gujarat,Ahmedabad,Ahmedabad,Adhoc Shreeji Petroleum Ahmedabad,22.346175,71.723894,Type-II AC,7.4,7.4,1
BEE_EV_PCS_2025,HPCL,Govt.,Gujarat,Porbandar,Porbandar,Amar Fuels Rajkot,21.649007,69.882016,Type-II AC,7.4,7.4,1
BEE_EV_PCS_2025,HPCL,Govt.,Gujarat,Gandhinagar,Mansa,Amrutdhara Petroleum Ahmedabad,23.49654,72.645653,Type-II AC,7.4,7.4,1
BEE_EV_PCS_2025,HPCL,Govt.,Gujarat,Ahmedabad,Ahmedabad,"Ananta Petroleum, Lathidad Ahmedabad",22.121427,71.748386,Type-II AC,7.4,7.4,1
BEE_EV_PCS_2025,HPCL,Govt.,Gujarat,Rajkot,Rajkot,Arjun Fuel Station Rajkot,23.185175,70.179095,Bharat AC-001,3.3,3.3,1
BEE_EV_PCS_2025,HPCL,Govt.,Gujarat,Ahmedabad,Ahmedabad,Arth Petroleum Ahmedabad,23.147481,73.215259,Type-II AC,7.4,7.4,1
BEE_EV_PCS_2025,HPCL,Govt.,Gujarat,Tapi,Tapi,At Village :Kaprada S/N 115 P1 Opposite Kaprada Bus Stand On Nh-848 Valsad-Nasik Road 396067,20.40225,73.21356,Bharat AC-001,3.0,3,1
BEE_EV_PCS_2025,HPCL,Govt.,Gujarat,Porbandar,Porbandar,Avanish Petroleum Rajkot,21.20265,70.2634,Type-II AC,7.4,7.4,1
BEE_EV_PCS_2025,HPCL,Govt.,Gujarat,Surat,Surat City,Block No 274 Village Sathvav Taluka Mandvi 394160,21.312156,73.32411,Type-II AC,7.0,7,1
BEE_EV_PCS_2025,HPCL,Govt.,Gujarat,Ahmedabad,Ahmedabad,"Chirag Petroleum, Tintoi Ahmedabad",23.599483,73.320011,Type-II AC,7.4,7.4,1
BEE_EV_PCS_2025,HPCL,Govt.,Gujarat,Ahmedabad,Ahmedabad,"D M Petroleum, Kamroda Ahmedabad",23.453859,73.503305,Type-II AC,7.4,7.4,1
BEE_EV_PCS_2025,HPCL,Govt.,Gujarat,Panch Mahals,Baroda,Dashmaa Petroleum Baroda,22.974067,73.700797,Type-II AC,7.4,7.4,1
BEE_EV_PCS_2025,HPCL,Govt.,Gujarat,Sabar Kantha,Ahmedabad,Dharti Fuel Centre Ahmedabad,23.604929,73.16965,Type-II AC,7.4,7.4,1
BEE_EV_PCS_2025,HPCL,Govt.,Gujarat,Dahod,Baroda,Ekta Petroleum Baroda,23.053499,73.966855,Type-II AC,7.4,7.4,1
BEE_EV_PCS_2025,HPCL,Govt.,Gujarat,Rajkot,Rajkot,Gajanand Petroleum Rajkot,22.811291,70.81089,Bharat AC-001,3.3,3.3,1
BEE_EV_PCS_2025,HPCL,Govt.,Gujarat,Ahmedabad,Ahmedabad,"Gajanand Petroleum,Kada Bus Stand Ahmedabad",23.629644,72.56308,Type-II AC,7.4,7.4,1
BEE_EV_PCS_2025,HPCL,Govt.,Gujarat,Ahmedabad,Ahmedabad,H P Petrol Pump Shahibaug Road Ahmedabad 380004,23.041506,72.588616,Bharat AC-001,3.0,3,1
BEE_EV_PCS_2025,HPCL,Govt.,Gujarat,Panch Mahals,Panch Mahals,H.P. Petrol Pump Plot No. 329 / 1 Kothamba Fatehpura Road Village Kothamba Taluka Lunawada 389220,23.0233,73.508242,Type-II AC,7.0,7,1
BEE_EV_PCS_2025,HPCL,Govt.,Gujarat,Panch Mahals,Panch Mahals,H.P. Petrol Pump Survey No 25 State Highway No. 154 Village Parpata Taluka Limkheda 389140,22.8012,73.980819,Bharat AC-001,3.0,3,1
BEE_EV_PCS_2025,HPCL,Govt.,Gujarat,Panch Mahals,Panch Mahals,"H.P. Petrol Pump, Plot No. 85 Paikee 1 State Highway No. Village Padaliya Taluka Fatepura 389190",23.166422,73.990255,Bharat AC-001,3.0,3,1
BEE_EV_PCS_2025,HPCL,Govt.,Gujarat,Devbhumi Dwarka,Verad,Het Petroleum Rajkot,21.94461,69.86672,Type-II AC,7.4,7.4,1
BEE_EV_PCS_2025,HPCL,Govt.,Gujarat,Junagadh,Junagadh,Hp Petro Pump Survey No 912/1/2 Vill Junagadh Tal Junagadh Nh151 Jetpur Somnath Highway 362610,21.4815,70.35009,CCS-II,30.0,30,1
BEE_EV_PCS_2025,HPCL,Govt.,Gujarat,Kachchh,Kachchh,"Hp Petrol Pump , Plot No 60 To 69 Bhuj Kachchh Road Sh 42 Kachchh 370020",23.240325,69.71509,CCS-II,30.0,30,1
BEE_EV_PCS_2025,HPCL,Govt.,Gujarat,Ahmedabad,Ahmedabad,"Hp Petrol Pump ,Survey No. 515 Bavla, Nh-8A Gujarat 382220",22.799195,72.341363,Bharat AC-001,3.0,3,1
BEE_EV_PCS_2025,HPCL,Govt.,Gujarat,Patan,Patan,Hp Petrol Pump Chanasma Mehsana Harij Road 384220,23.71523,72.099413,Bharat AC-001,3.0,3,1
BEE_EV_PCS_2025,HPCL,Govt.,Gujarat,Sabar Kantha,Sabar Kantha,"Hp Petrol Pump Dhrol Morbi Road, Sh22 Darbargarh 361210",22.573119,70.42847,Type-II AC,7.0,7,1
BEE_EV_PCS_2025,HPCL,Govt.,Gujarat,Rajkot,Rajkot,Hp Petrol Pump Rajkot-Ahmedabad Highway Nh-27 Rajkot 360003,22.285591,70.88735,CCS-II,30.0,30,1
BEE_EV_PCS_2025,HPCL,Govt.,Gujarat,Porbandar,Porbandar,Hp Petrol Pump Survey No 180 P2 Vill Porbandar On Nh 27 Porbandar Rajkot Highway 360550,21.67424,69.778036,Type-II AC,7.0,7,1
BEE_EV_PCS_2025,HPCL,Govt.,Gujarat,Jamnagar,Jamnagar,"Hp Petrol Pump Survey No. 144 Survey No. 144 Village Jamnagar , Kalyanpur Taluka 361315",21.8649,69.35252,CCS-II,30.0,30,1
BEE_EV_PCS_2025,HPCL,Govt.,Gujarat,Surendranagar,Surendranagar,Hp Petrol Pump Survey No. 166 Ahmedabad-Rajkot Highway Nh 8A Vill Tokarala Limbdi 363423,22.702593,71.959,Bharat AC-001,3.0,3,1
BEE_EV_PCS_2025,HPCL,Govt.,Gujarat,Vadodara,Vadodara,"Hp Petrol Pump, At Survey No. 853 Sh-11, Dabhoi Road Vill. Palaswada, Ta. Dabhoi 391107",22.220865,73.308983,CCS-II,30.0,30,1
BEE_EV_PCS_2025,HPCL,Govt.,Gujarat,Banas Kantha,Banas Kantha,"Hp Petrol Pump, Bhildi Deesa Radhanpur Road, Nh 14 Village Bhildi, Teh Deesa,Banas Kantha 385530",24.185891,72.003257,Bharat AC-001,3.0,3,1
BEE_EV_PCS_2025,HPCL,Govt.,Gujarat,Panch Mahals,Panch Mahals,"Hp Petrol Pump, Plot No 463 State Highway No 157 Village Akona Taluka Naswadi 391150",22.034306,73.718392,Bharat AC-001,3.0,3,1
BEE_EV_PCS_2025,HPCL,Govt.,Gujarat,Mahesana,Mahesana,"Hp Petrol Pump, Plot No. 1169 Sh 712 Chansol 385421",23.963691,72.593578,Bharat AC-001,3.0,3,1
BEE_EV_PCS_2025,HPCL,Govt.,Gujarat,Gandhinagar,Gandhinagar,"Hp Petrol Pump, Plot No. 1284, Sector-6 Gh-3, Near St Stand Gandhinagar 382355",23.216249,72.639701,CCS-II,30.0,30,1
BEE_EV_PCS_2025,HPCL,Govt.,Gujarat,Mahesana,Mahesana,"Hp Petrol Pump, Plot No. 1579 Sh55 Dabhala 382865",23.560022,72.534386,Bharat AC-001,3.0,3,1
BEE_EV_PCS_2025,HPCL,Govt.,Gujarat,Mahesana,Mahesana,"Hp Petrol Pump, Plot No. 901/2P/2 Sh 133 Ranasan 382870",23.507118,72.743646,Bharat AC-001,3.0,3,1
BEE_EV_PCS_2025,HPCL,Govt.,Gujarat,Anand,Anand,"Hp Petrol Pump, R.S.No 2600, 2601, 2602P National Highway Nh 48 Samarkha Crossing, Anand 388001",22.578419,72.970882,CCS-II,30.0,30,1
BEE_EV_PCS_2025,HPCL,Govt.,Gujarat,Banas Kantha,Banas Kantha,"Hp Petrol Pump, Surana Surana Deodar Road, Mdr Village Surana, Ta Deodar 385330",24.087234,71.799684,Bharat AC-001,3.0,3,1
BEE_EV_PCS_2025,HPCL,Govt.,Gujarat,Bhavnagar,Bhavnagar,"Hp Petrol Pump, Survey No 243 Talaja-Mahuva Highway (Nh-51) Datha (Borda) 364130",21.300482,71.921804,Bharat AC-001,3.0,3,1
BEE_EV_PCS_2025,HPCL,Govt.,Gujarat,Gandhinagar,Gandhinagar,"Hp Petrol Pump, Survey No. 1005/3 Paiki Sh41, Ahmedabad-Mehsana Highway Post And Taluka Kalol 382721",23.251178,72.485705,Bharat AC-001,3.0,3,1
BEE_EV_PCS_2025,HPCL,Govt.,Gujarat,Sabar Kantha,Sabar Kantha,"Hp Petrol Pump, Survey No. 115, Nr. Tejpur Chokdi, Sh68, Halisa-Shivpura Kampa Rd., Mouje Harsol, Taluka Talod 383305",23.370699,73.02715,Bharat AC-001,3.0,3,1
BEE_EV_PCS_2025,HPCL,Govt.,Gujarat,Arvalli,Arvalli,"Hp Petrol Pump, Survey No. 125/1 Sh59 Dhansura-Modasa Highway Village Rahiyol, Taluka Dhansura 383310",23.411921,73.239184,Bharat AC-001,3.0,3,1
BEE_EV_PCS_2025,HPCL,Govt.,Gujarat,Surendranagar,Surendranagar,"Hp Petrol Pump, Survey No. 143/P Surendranagar-Rajkot Road Sh17 Ratanpar, Wadhwan 363001",22.754582,71.61959,Bharat AC-001,3.0,3,1
BEE_EV_PCS_2025,HPCL,Govt.,Gujarat,Surendranagar,Surendranagar,"Hp Petrol Pump, Survey No. 1650 Dasada-Patdi Highway Sh19 Patdi 382765",23.211718,71.791313,Bharat AC-001,3.0,3,1
BEE_EV_PCS_2025,HPCL,Govt.,Gujarat,Surendranagar,Surendranagar,"Hp Petrol Pump, Survey No. 1650 Paiki 1 Surendranagar-Dhrangadhra Highway Nh51 Wadhwan 363030",22.719185,71.68735,Bharat AC-001,3.0,3,1
BEE_EV_PCS_2025,HPCL,Govt.,Gujarat,Surendranagar,Surendranagar,"Hp Petrol Pump, Survey No. 205 Paiki 2 Wadhwan-Limbdi Road Sh20 Vill Nana Kerala, Wadhwan 363030",22.681764,71.724364,Bharat AC-001,3.0,3,1
BEE_EV_PCS_2025,HPCL,Govt.,Gujarat,Porbandar,Porbandar,"Hp Petrol Pump, Survey No. 25 P1 Vill Porbandar Tal Porbandar On Porbandar Dwarka Road Nh51 360579",21.7694,69.45966,Type-II AC,7.0,7,1
BEE_EV_PCS_2025,HPCL,Govt.,Gujarat,Surendranagar,Surendranagar,"Hp Petrol Pump, Survey No. 255/Pakki 3 Viramgam-Dhrangadhra Highway Sh7 Vill Kamalpur, Patdi 382765",23.084278,71.881778,Bharat AC-001,3.0,3,1
BEE_EV_PCS_2025,HPCL,Govt.,Gujarat,Arvalli,Arvalli,"Hp Petrol Pump, Survey No. 309 Gadhada Kampa, Taluka Modasa 383320",23.606722,73.21783,Bharat AC-001,3.0,3,1
BEE_EV_PCS_2025,HPCL,Govt.,Gujarat,Surendranagar,Surendranagar,"Hp Petrol Pump, Survey No. 3132 Memkha Vill Road Mouje-Wadhwan, Memkha, 363030",22.726842,71.725472,Bharat AC-001,3.0,3,1
BEE_EV_PCS_2025,HPCL,Govt.,Gujarat,Sabar Kantha,Sabar Kantha,"Hp Petrol Pump, Survey No. 41 And 42 Sh9, Idar-Ambaji Highway Town And Taluka Idar 383430",23.837594,73.002094,Bharat AC-001,3.0,3,1
BEE_EV_PCS_2025,HPCL,Govt.,Gujarat,Arvalli,Arvalli,"Hp Petrol Pump, Survey No. 422/2 Sh145, Shamlaji-Bhiloda Highway Village And Taluka Bhiloda 383245",23.757501,73.268879,Bharat AC-001,3.0,3,1
BEE_EV_PCS_2025,HPCL,Govt.,Gujarat,Sabar Kantha,Sabar Kantha,"Hp Petrol Pump, Survey No. 456, Paiki 4 Himatnagar Bypass Road Village Katwad, Taluka Himatnagar 383001",23.595173,72.945162,Bharat AC-001,3.0,3,1
BEE_EV_PCS_2025,HPCL,Govt.,Gujarat,Anand,Anand,"Hp Petrol Pump, Survey No. 595 /2/A State Highway Sh 83 Karamsad, Anand 388325",22.540919,72.910481,CCS-II,30.0,30,1
BEE_EV_PCS_2025,HPCL,Govt.,Gujarat,Surendranagar,Surendranagar,"Hp Petrol Pump, Survey No. 850 Surendranagar-Dhrangadhra Highway Nh51 Dudhrej, Surendranagar 363040",22.75678,71.620172,Bharat AC-001,3.0,3,1
BEE_EV_PCS_2025,HPCL,Govt.,Gujarat,Bhavnagar,Bhavnagar,"Hp Petrol Pump, Survey No: 35/2 Talaja Palitana Road Sh 31 Village:Majunagadh Iya, Taluka: Talaja 364140",21.375482,72.006274,Bharat AC-001,3.0,3,1
BEE_EV_PCS_2025,HPCL,Govt.,Gujarat,Ahmedabad,Ahmedabad,"Hp Petrol Pump,Block No 1062 Mehemdabad Road Hirapur Chowkdi,Hirapur 382435",22.917618,72.699095,Bharat AC-001,3.0,3,1
BEE_EV_PCS_2025,HPCL,Govt.,Gujarat,Bhavnagar,Bhavnagar,"Hp Petrol Pump,S. No.79,80,79/1P, 80/1Ab Bhavnagar Mahuva Hwy, Nh-51 Village:Panch Pipla, Taluka:Talaja 364265",21.476841,72.114022,Bharat AC-001,3.0,3,1
BEE_EV_PCS_2025,HPCL,Govt.,Gujarat,Ahmedabad,Ahmedabad,"Hp Petrol Pump,Survey No 17 Sh-1 Village Gundanpara 382210",22.607551,72.197119,Bharat AC-001,3.0,3,1
BEE_EV_PCS_2025,HPCL,Govt.,Gujarat,Ahmedabad,Ahmedabad,"Hp Petrol Pump,Survey No. 601 Vataman Pipli Highway Sh6 Village Motiboru 382230",22.524296,72.345492,Bharat AC-001,3.0,3,1
BEE_EV_PCS_2025,HPCL,Govt.,Gujarat,Ahmedabad,Ahmedabad,"Hp Petrol Pump,Sy No 197 200' Sardar Patel Ring Road Vill Visalpur Taluka Daskroi 382210",22.939047,72.494504,Bharat AC-001,3.0,3,1
BEE_EV_PCS_2025,HPCL,Govt.,Gujarat,Jamnagar,Jamnagar,Hpc Dealer Morbi Road Near Jamnagar Chaukri 360003,22.343197,70.807057,Type-II AC,7.0,7,1
BEE_EV_PCS_2025,HPCL,Govt.,Gujarat,Tapi,Tapi,"Hpc Petrol Pump Survey No. 693/2/2/2 Naroli To Silvassa Main Road Village Naroli, Near Naroli Check Post 396235",20.28099,72.92298,CCS-II,30.0,30,1
BEE_EV_PCS_2025,HPCL,Govt.,Gujarat,Tapi,Tapi,"Hpc Petrol Pump, Sur No. 163/1/3/5 Nani Daman Coastal Highway, Village Bhimpore, Opp. Moltak Company, 396210",20.453806,72.876527,CCS-II,30.0,30,1
BEE_EV_PCS_2025,HPCL,Govt.,Gujarat,Tapi,Tapi,"Hpc Petrol Pump, Sur. No.211/3-B & 212/A Dabhel Athiyawad Morai Road Atiyawad Falia, Dabhel 396210",20.41113,72.894642,CCS-II,30.0,30,1
BEE_EV_PCS_2025,HPCL,Govt.,Gujarat,Valsad,Valsad,"Hpc Petrol Pump, Survey No. 44/5P National Highway No. 8 Village Karambele, Oppos Cello Factory 396105",20.335793,72.903044,CCS-II,30.0,30,1
BEE_EV_PCS_2025,HPCL,Govt.,Gujarat,Tapi,Tapi,"Hpc Petrol Pump, Survey No. 54/8/2/1 Silvassa To Junagadh Vel Main Road Village- Khadoli 396230",20.160764,73.030099,CCS-II,30.0,30,1
BEE_EV_PCS_2025,HPCL,Govt.,Gujarat,Valsad,Valsad,"Hpc Petrol Pump, Survey. No. 77/1 National Highway No. 48 Village Motiwada, Taluka Pardi 396185",21.804302,73.05412,CCS-II,30.0,30,1
BEE_EV_PCS_2025,HPCL,Govt.,Gujarat,Surat,Surat City,Hpcl Petrol Pump Block No 155 Village Valwada Tal Mahuva 394248,21.814921,73.251705,Bharat AC-001,3.0,3,1
BEE_EV_PCS_2025,HPCL,Govt.,Gujarat,Banas Kantha,Banas Kantha,Hpcl Petrol Pump Survey No 928 Paiki 1 State Highway 41 (Palanpur Ahmedabad) Palanpur 385001,23.649948,72.408248,Bharat AC-001,3.0,3,1
BEE_EV_PCS_2025,HPCL,Govt.,Gujarat,Anand,Anand,"Hpcl Petrol Pump Survey No. 246 National Highway Nh 47 Timba Na Muvada, Galteshwar 388235",22.873026,73.335519,Bharat AC-001,3.0,3,1
BEE_EV_PCS_2025,HPCL,Govt.,Gujarat,Kachchh,Kachchh,Hpcl Petrol Pump Vill Shikarpur 370150,23.221984,70.704394,Type-II AC,7.0,7,1
BEE_EV_PCS_2025,HPCL,Govt.,Gujarat,Banas Kantha,Banas Kantha,"Hpcl Petrol Pump, Sr. No. 134 State Highway 54 Village Katarva Taluka Lakhni 385535",21.303056,71.938437,Bharat AC-001,3.0,3,1
BEE_EV_PCS_2025,HPCL,Govt.,Gujarat,Banas Kantha,Banas Kantha,"Hpcl Petrol Pump, Survey No 247 Nh 68 ,Tharad Sanchore Highway Opposite Piluda Apmc Market, Tharad 385565",24.532573,71.69076,Bharat AC-001,3.0,3,1
BEE_EV_PCS_2025,HPCL,Govt.,Gujarat,Kachchh,Kachchh,"Hpcl Retail Outlet Vill Kachchh Nh27, Samakhiali Palanpur Highway 370145",23.368134,70.618519,Type-II AC,7.0,7,1
BEE_EV_PCS_2025,HPCL,Govt.,Gujarat,Rajkot,Rajkot,Jay Jalaram Petrol Point Rajkot,23.230761,69.6404,Type-II AC,7.4,7.4,1
BEE_EV_PCS_2025,HPCL,Govt.,Gujarat,Tapi,Baroda,Jay Laxmi Petroleum Baroda,20.917708,73.336705,Type-II AC,7.4,7.4,1
BEE_EV_PCS_2025,HPCL,Govt.,Gujarat,Kachchh,Bhuj,"Jay Vilnath Petroleum, Mokhana Rajkot",23.286743,70.005486,Type-II AC,7.4,7.4,1
BEE_EV_PCS_2025,HPCL,Govt.,Gujarat,Vadodara,Vadodara,Johar Petroleum Baroda,22.896425,73.007011,Type-II AC,7.4,7.4,1
BEE_EV_PCS_2025,HPCL,Govt.,Gujarat,Ahmedabad,Ahmedabad,Kamdhenu Petroleum Ahmedabad,22.74043,72.291,Type-II AC,7.4,7.4,1
BEE_EV_PCS_2025,HPCL,Govt.,Gujarat,Porbandar,Porbandar,Keshav Petroleum Rajkot,21.642624,70.519818,Type-II AC,7.4,7.4,1
BEE_EV_PCS_2025,HPCL,Govt.,Gujarat,Rajkot,Rajkot,Khodalraj Petroleum Rajkot,22.063784,70.782797,Type-II AC,7.4,7.4,1
BEE_EV_PCS_2025,HPCL,Govt.,Gujarat,Ahmedabad,Ahmedabad,Krishav Fuel Station Ahmedabad,23.534071,72.750717,Type-II AC,7.4,7.4,1
BEE_EV_PCS_2025,HPCL,Govt.,Gujarat,Porbandar,Porbandar,Krishna Fuels Rajkot,21.51693,70.431825,Type-II AC,7.4,7.4,1
BEE_EV_PCS_2025,HPCL,Govt.,Gujarat,Rajkot,Rajkot,Kuvadva Petroleum Rajkot,22.349215,70.953604,Type-II AC,7.4,7.4,1
BEE_EV_PCS_2025,HPCL,Govt.,Gujarat,Kachchh,Bhuj,Lilavanti Petroleum Rajkot,23.215098,69.294451,Type-II AC,7.4,7.4,1
BEE_EV_PCS_2025,HPCL,Govt.,Gujarat,Jamnagar,Jamnagar,"Maruti Petroleum, Anandpar Rajkot",22.210832,70.580389,Type-II AC,7.4,7.4,1
BEE_EV_PCS_2025,HPCL,Govt.,Gujarat,Amreli,Amreli,Marutinandan Petroleum Rajkot,21.957141,71.360012,Bharat AC-001,3.3,3.3,1
BEE_EV_PCS_2025,HPCL,Govt.,Gujarat,Rajkot,Rajkot,Matrukrupa Hp Rajkot,22.979981,71.194529,Type-II AC,7.4,7.4,1
BEE_EV_PCS_2025,HPCL,Govt.,Gujarat,Kachchh,Bhuj,Ms/Hsd Jay Shree Chamunda Petroleum Rajkot,23.400204,69.692497,Type-II AC,7.4,7.4,1
BEE_EV_PCS_2025,HPCL,Govt.,Gujarat,Rajkot,Rajkot,Ms/Hsd Maa Petroleum Rajkot,21.735216,70.431386,Type-II AC,7.4,7.4,1
BEE_EV_PCS_2025,HPCL,Govt.,Gujarat,Rajkot,Rajkot,"Ms/Hsd Shivay Petroleum, Ajotha Rajkot",20.89422,70.45042,Type-II AC,7.4,7.4,1
BEE_EV_PCS_2025,HPCL,Govt.,Gujarat,Tapi,Baroda,Mshsd Ami Petroleum Baroda,20.742845,73.140173,Type-II AC,7.4,7.4,1
BEE_EV_PCS_2025,HPCL,Govt.,Gujarat,Tapi,Baroda,Mshsd Dheeraj Petroleum Baroda,21.032742,73.448799,Type-II AC,7.4,7.4,1
BEE_EV_PCS_2025,HPCL,Govt.,Gujarat,Mahisagar,Baroda,Mshsd Mahisagar Fuel Station Baroda,23.191888,73.600634,Type-II AC,7.4,7.4,1
BEE_EV_PCS_2025,HPCL,Govt.,Gujarat,Tapi,Baroda,Mshsd Parishram Petroleum Baroda,20.97226,70.41968,Type-II AC,7.4,7.4,1
BEE_EV_PCS_2025,HPCL,Govt.,Gujarat,Valsad,Baroda,Mshsd Poonam Petroleum Baroda,20.157374,72.746716,Type-II AC,7.4,7.4,1
BEE_EV_PCS_2025,HPCL,Govt.,Gujarat,Chhotaudepur,Baroda,Mshsd Riddhi Petroleum Baroda,22.325862,73.835462,Type-II AC,7.4,7.4,1
BEE_EV_PCS_2025,HPCL,Govt.,Gujarat,Narmada,Baroda,Mshsd Ronak Petroleum Baroda,21.815071,73.362396,Type-II AC,7.4,7.4,1
BEE_EV_PCS_2025,HPCL,Govt.,Gujarat,Dahod,Baroda,Mshsd Safari Petroleum Baroda,22.694232,73.925285,Type-II AC,7.4,7.4,1
BEE_EV_PCS_2025,HPCL,Govt.,Gujarat,Bharuch,Baroda,Mshsd Sagar Petroleum Baroda,21.76489,73.02322,Type-II AC,7.4,7.4,1
BEE_EV_PCS_2025,HPCL,Govt.,Gujarat,Bharuch,Baroda,Mshsd Samrat Petroleum Baroda,21.915985,73.038212,Type-II AC,7.4,7.4,1
BEE_EV_PCS_2025,HPCL,Govt.,Gujarat,Navsari,Baroda,Mshsd Shree Kunj Petroleum Baroda,20.792368,73.228797,Type-II AC,7.4,7.4,1
BEE_EV_PCS_2025,HPCL,Govt.,Gujarat,Surat,Baroda,Mshsd Shri Mahadev Petroleum Baroda,21.462763,73.475981,Type-II AC,7.4,7.4,1
BEE_EV_PCS_2025,HPCL,Govt.,Gujarat,Anand,Baroda,Mshsd Shri Ram Fuel Station Baroda,22.483869,73.066727,Type-II AC,7.4,7.4,1
BEE_EV_PCS_2025,HPCL,Govt.,Gujarat,Panch Mahals,Baroda,Mshsd Shri Sainath Petroleum Baroda,22.978617,73.890681,Type-II AC,7.4,7.4,1
BEE_EV_PCS_2025,HPCL,Govt.,Gujarat,Amreli,Amreli,N G Petroleum Rajkot,21.485543,71.259538,Bharat AC-001,3.3,3.3,1
BEE_EV_PCS_2025,HPCL,Govt.,Gujarat,Bhavnagar,Umrala,"Nandini Petroleum,Dedakadi Ahmedabad",21.805136,71.715259,Type-II AC,7.4,7.4,1
BEE_EV_PCS_2025,HPCL,Govt.,Gujarat,Rajkot,Rajkot,Near Railway Station Rajkot 360490,21.745523,70.28211,Type-II AC,7.0,7,1
BEE_EV_PCS_2025,HPCL,Govt.,Gujarat,Ahmedabad,Ahmedabad,"Nilakantha Petrolium,Meghraj Ahmedabad",23.509804,73.512911,Type-II AC,7.4,7.4,1
BEE_EV_PCS_2025,HPCL,Govt.,Gujarat,Ahmedabad,Ahmedabad,Nirmal Fuel Station Ahmedabad,23.962487,72.369156,Type-II AC,7.4,7.4,1
BEE_EV_PCS_2025,HPCL,Govt.,Gujarat,Rajkot,Rajkot,North Star Petroleum Rajkot,22.577457,70.981518,Bharat AC-001,3.3,3.3,1
BEE_EV_PCS_2025,HPCL,Govt.,Gujarat,Kachchh,Bhuj,"Nyalkaran Petroleum, Samatra Rajkot",23.195656,69.503784,Type-II AC,7.4,7.4,1
BEE_EV_PCS_2025,HPCL,Govt.,Gujarat,Ahmedabad,Ahmedabad,Outside Shapur Gate Hp Dealer Ahmedabad 380004,23.039481,72.581624,Bharat AC-001,3.0,3,1
BEE_EV_PCS_2025,HPCL,Govt.,Gujarat,Ahmedabad,Ahmedabad,Plot No Cm-1/P Gidc Naroda Naroda Ahmedabad 382330,23.081953,72.65776,Bharat AC-001,3.0,3,1
BEE_EV_PCS_2025,HPCL,Govt.,Gujarat,Banas Kantha,Banas Kantha,Radhanpur Sanchor Highway Piluda 385565,24.641334,71.763565,Type-II AC,7.0,7,1
BEE_EV_PCS_2025,HPCL,Govt.,Gujarat,Kachchh,Bhuj,Raghuvanshi Petroleum Gandhidham,23.363702,69.24697,Type-II AC,7.4,7.4,1
BEE_EV_PCS_2025,HPCL,Govt.,Gujarat,Ahmedabad,Ahmedabad,"Raj Petroleum, Khadol Ahmedabad",22.415841,72.037469,Type-II AC,7.4,7.4,1
BEE_EV_PCS_2025,HPCL,Govt.,Gujarat,Ahmedabad,Ahmedabad,Ramdevkrupa Petroleum Ahmedabad,22.746903,72.353907,Type-II AC,7.4,7.4,1
BEE_EV_PCS_2025,HPCL,Govt.,Gujarat,Ahmedabad,Ahmedabad,Rameshwar Petroleum Ahmedabad,22.4651,71.4819,Type-II AC,7.4,7.4,1
BEE_EV_PCS_2025,HPCL,Govt.,Gujarat,Rajkot,Rajkot,Royal Petroleum Rajkot,20.82998,71.04936,Bharat AC-001,3.3,3.3,1
BEE_EV_PCS_2025,HPCL,Govt.,Gujarat,Porbandar,Porbandar,Rudreshwar Petroleum Rajkot,21.15708,70.31497,Bharat AC-001,3.3,3.3,1
BEE_EV_PCS_2025,HPCL,Govt.,Gujarat,Rajkot,Rajkot,"Sai Petroleum, Manaba Rajkot",23.06186,70.84562,Type-II AC,7.4,7.4,1
BEE_EV_PCS_2025,HPCL,Govt.,Gujarat,Rajkot,Rajkot,Shivaay Fuel Station Rajkot,22.18397,70.83857,Type-II AC,7.4,7.4,1
BEE_EV_PCS_2025,HPCL,Govt.,Gujarat,Rajkot,Rajkot,"Shivkrupa Petroleum, Kharachiya Rajkot",21.821535,70.165626,Type-II AC,7.4,7.4,1
BEE_EV_PCS_2025,HPCL,Govt.,Gujarat,Rajkot,Rajkot,Shree Bahuchar Petroleum Rajkot,22.85194,70.72692,Bharat AC-001,3.3,3.3,1
BEE_EV_PCS_2025,HPCL,Govt.,Gujarat,Ahmedabad,Ahmedabad,Shree Gajanand Petroleum Ahmedabad,22.717606,72.425945,Type-II AC,7.4,7.4,1
BEE_EV_PCS_2025,HPCL,Govt.,Gujarat,Banas Kantha,Tharad,"Shree Harihar Petroleum, Mavsari Ahmedabad",24.607696,71.364164,Type-II AC,7.4,7.4,1
BEE_EV_PCS_2025,HPCL,Govt.,Gujarat,Kachchh,Bhuj,"Shree Jalaram Petroleum, Rapar Rajkot",23.578114,70.655937,Type-II AC,7.4,7.4,1
BEE_EV_PCS_2025,HPCL,Govt.,Gujarat,Kachchh,Bhuj,Shree Jaliyan Petroleum Rajkot,23.331881,70.333148,Type-II AC,7.4,7.4,1
BEE_EV_PCS_2025,HPCL,Govt.,Gujarat,Tapi,Baroda,Shree Kansari Petroleum Baroda,21.184196,73.781776,Type-II AC,7.4,7.4,1
BEE_EV_PCS_2025,HPCL,Govt.,Gujarat,Valsad,Baroda,Shree Mohaneshwar Gasoline Baroda,20.517309,72.897594,Type-II AC,7.4,7.4,1
BEE_EV_PCS_2025,HPCL,Govt.,Gujarat,Rajkot,Rajkot,Shree Momai Krupa Fuel Station Rajkot,22.721098,70.475957,Bharat AC-001,3.3,3.3,1
BEE_EV_PCS_2025,HPCL,Govt.,Gujarat,Rajkot,Rajkot,Shree Shakti Petroleum Rajkot,22.102919,71.025452,Bharat AC-001,3.3,3.3,1
BEE_EV_PCS_2025,HPCL,Govt.,Gujarat,Ahmedabad,Ahmedabad,Shri Ashapura Petroleum Ahmedabad,23.011656,71.458168,Type-II AC,7.4,7.4,1
BEE_EV_PCS_2025,HPCL,Govt.,Gujarat,Ahmedabad,Ahmedabad,Shri Dwarkesh Auto Fuels Ahmedabad,23.005457,72.758059,Type-II AC,7.4,7.4,1
BEE_EV_PCS_2025,HPCL,Govt.,Gujarat,Banas Kantha,Tharad,"Shrre Ogadji Energy, Rampura Ahmedabad",24.285128,72.060704,Type-II AC,7.4,7.4,1
BEE_EV_PCS_2025,HPCL,Govt.,Gujarat,Valsad,Baroda,Shyam Petroleum Baroda,20.657183,72.914628,Type-II AC,7.4,7.4,1
BEE_EV_PCS_2025,HPCL,Govt.,Gujarat,Sabar Kantha,Ahmedabad,Somnath Petroleum Ahmedabad,23.351354,72.941002,Type-II AC,7.4,7.4,1
BEE_EV_PCS_2025,HPCL,Govt.,Gujarat,Patan,Patan,Sur. No 25/P1 Mouje Dhanodharda Tal Chanasma 384220,23.703733,72.156325,Bharat AC-001,3.0,3,1
BEE_EV_PCS_2025,HPCL,Govt.,Gujarat,Anand,Anand,"Surbey No. 853/3/P, Khata No. 907 Village Varsada, Taluka Tarapur 388180",22.614264,72.515471,Bharat AC-001,3.0,3,1
BEE_EV_PCS_2025,HPCL,Govt.,Gujarat,Banas Kantha,Banas Kantha,Survey No 104 On Sh 132 Hp Petrol Pump At Village Dantiwada Opp Dantiwada Police Station Banas Kantha 385505,24.34972,72.3282,Bharat AC-001,3.0,3,1
BEE_EV_PCS_2025,HPCL,Govt.,Gujarat,Ahmedabad,Ahmedabad,Survey No 193/Paiki Village Navapura Taluka Sanand 382210,22.948852,72.463617,Bharat AC-001,3.0,3,1
BEE_EV_PCS_2025,HPCL,Govt.,Gujarat,Banas Kantha,Banas Kantha,"Survey No 308/P4/P2, On Nh 27 Near Zyka Hotel, Village Chadotar , Ta Palanpur, Gujrat 385001",24.345028,72.37656,Bharat AC-001,3.0,3,1
BEE_EV_PCS_2025,HPCL,Govt.,Gujarat,Banas Kantha,Banas Kantha,"Survey No 384P1 On Nh 27 Near Chekhla Village Chekhala, Ta Kankrej District Banas Kantha , 385550",22.705678,71.937056,Bharat AC-001,3.0,3,1
BEE_EV_PCS_2025,HPCL,Govt.,Gujarat,Ahmedabad,Ahmedabad,"Survey No 624/3 Ramol Gam Ramol, Ahmedabad 382449",22.980261,72.65182,Bharat AC-001,3.0,3,1
BEE_EV_PCS_2025,HPCL,Govt.,Gujarat,Bhavnagar,Bhavnagar,"Survey No. 10/1/P1 Rohisa Chowkdi, Nh51 At: Rohisa , Taluka: Mahuwa 364295",23.236898,71.855575,Bharat AC-001,3.0,3,1
BEE_EV_PCS_2025,HPCL,Govt.,Gujarat,Anand,Anand,"Survey No. 1217, Village Dahevan, On Nh-64 (Dandi Marg), Taluka Borsad 388550",22.592241,72.832042,Bharat AC-001,3.0,3,1
BEE_EV_PCS_2025,HPCL,Govt.,Gujarat,Surat,Surat City,Survey No. 260 Village Vandervella Fadvel Road 396540,20.740153,73.199168,Bharat AC-001,3.0,3,1
BEE_EV_PCS_2025,HPCL,Govt.,Gujarat,Arvalli,Arvalli,"Survey No. 911 Village Sathamba, Tehsil Bayad Aravalli 383340",23.171072,73.313331,Bharat AC-001,3.0,3,1
BEE_EV_PCS_2025,HPCL,Govt.,Gujarat,Bhavnagar,Bhavnagar,Survey No: 38P1/2/P1 Talaja On Sh31 In Gopnath Road Taluka Talaja 364140,21.349022,72.039222,Bharat AC-001,3.0,3,1
BEE_EV_PCS_2025,HPCL,Govt.,Gujarat,Tapi,Tapi,Survey No-3041 Village Pariya On Pariya-Ambach Road 396145,20.440694,72.961727,Bharat AC-001,3.0,3,1
BEE_EV_PCS_2025,HPCL,Govt.,Gujarat,Mahesana,Mahesana,Survey Number 148 Kukas Mehsana 384012,23.576271,72.42289,Bharat AC-001,3.0,3,1
BEE_EV_PCS_2025,HPCL,Govt.,Gujarat,Mahesana,Mahesana,Survey Number 168 Fatepura Kadi 382165,23.153825,72.210335,Bharat AC-001,3.0,3,1
BEE_EV_PCS_2025,HPCL,Govt.,Gujarat,Mahesana,Mahesana,Survey Number 435 Malekpur Kheralu 384325,23.888062,72.5799,Bharat AC-001,3.0,3,1
BEE_EV_PCS_2025,HPCL,Govt.,Gujarat,Gandhinagar,Mansa,Urja Petroleum Ahmedabad,23.453098,72.723536,Type-II AC,7.4,7.4,1
BEE_EV_PCS_2025,HPCL,Govt.,Gujarat,Amreli,Amreli,Vihal Petroleum Rajkot,21.83574,71.21543,Bharat AC-001,3.3,3.3,1
BEE_EV_PCS_2025,HPCL,Govt.,Gujarat,Ahmedabad,Ahmedabad,"Vijay Filling Station, Gadhada Ahmedabad",21.979131,71.592208,Type-II AC,7.4,7.4,1
BEE_EV_PCS_2025,HPCL,Govt.,Gujarat,Banas Kantha,Tharad,Vikas Petroleum Ahmedabad,24.376141,71.574192,Type-II AC,7.4,7.4,1
BEE_EV_PCS_2025,HPCL,Govt.,Gujarat,Kachchh,Kachchh,Vill Kachchh Hp Petrol Pump Anjar Mundra Highway Nh41 370410,22.902886,69.743772,Type-II AC,7.0,7,1
BEE_EV_PCS_2025,HPCL,Govt.,Gujarat,Surendranagar,Surendranagar,Village Virendragadh Taluka Dhrangdhara 363310,23.07601,71.4496,Bharat AC-001,3.0,3,1
BEE_EV_PCS_2025,HPCL,Govt.,Gujarat,Rajkot,Rajkot,Vishwanath Petroleum Rajkot,22.173387,71.353303,Type-II AC,7.4,7.4,1
BEE_EV_PCS_2025,HPCL,Govt.,Gujarat,Rajkot,Rajkot,"Yadunandan Petroleum, Mitana Rajkot",22.572739,70.745741,Type-II AC,7.4,7.4,1
BEE_EV_PCS_2025,IOCL,Govt.,Gujarat,Mahesana,Mehsana,"""81/1 Gidc Mehsana Motera High"" ""Near Motera Circle Mehsana""",23.5941,72.3759,Type-II AC,7.4,7.4,1
BEE_EV_PCS_2025,IOCL,Govt.,Gujarat,Valsad,Valsad,"""Block No. 271/2 Vill: Rola"" Nh - 8 Dist: Valsad Nh - 8 Dist: Valsad",20.7016,72.9874,CCS-II,30.0,30,1
BEE_EV_PCS_2025,IOCL,Govt.,Gujarat,Surat,Surat City,"""Block No.243/2/P Vil. Lajpore"" Navsari Road Dist. Surat Navsari Road Dist. Surat",21.075295,72.888384,LEV AC Charge point,3.3,3.3,1
BEE_EV_PCS_2025,IOCL,Govt.,Gujarat,Anand,Anand,"""Indian Oil Pump Lotia Bhagol"" Lotia Bhagol Anand",22.5484,72.955,Type-II AC,7.4,7.4,1
BEE_EV_PCS_2025,IOCL,Govt.,Gujarat,Patan,Patan,"""Near Hotel City Point ""Palanpur Highway Sidhpur -384151"" Sidhpur",23.932608,72.361908,LEV AC Charge point,3.3,3.3,1
BEE_EV_PCS_2025,IOCL,Govt.,Gujarat,Vadodara,Vadodara,"""Plot No 13 Tps-7 Harni Road"" City : Vadodara Dist : Vadodara City : Vadodara Dist : Vadodara",22.3137,73.2118,CCS-II,30.0,30,1
BEE_EV_PCS_2025,IOCL,Govt.,Gujarat,Vadodara,Vadodara,"""S.No.624/625P Alembik To Refi"" ""Road At Gorwa Vadodara"" Vadodara City",22.3355,73.1531,CCS-II,30.0,30,1
BEE_EV_PCS_2025,IOCL,Govt.,Gujarat,Valsad,Valsad,"""Survey No. 129/2/P Vill: Bald"" ""Taluka: Pardi Dist: Valsad"" Dist: Valsad",20.5113,72.9625,Type-II AC,7.4,7.4,1
BEE_EV_PCS_2025,IOCL,Govt.,Gujarat,Junagadh,Junagadh,Adhoc Trupti Petroleum Junagadh Veraval Nh A/P Vanthali Dist. Junagadh,21.4823,70.3508,CCS-II,30.0,30,1
BEE_EV_PCS_2025,IOCL,Govt.,Gujarat,Banas Kantha,Banas Kantha,Akhol Nani Deesa District Banaskantha Dist. Banaskantha,24.273465,72.176153,LEV AC Charge point,3.3,3.3,1
BEE_EV_PCS_2025,IOCL,Govt.,Gujarat,Vadodara,Vadodara,Alkapuri R C Dutt Road Alkapuri Baroda (39),22.3102,73.1687,LEV AC Charge point,3.3,3.3,1
BEE_EV_PCS_2025,IOCL,Govt.,Gujarat,Anand,Anand,Anand -Bhalej Road Near Dalapur At. Samarkha Dist. Anand,22.616646,73.009037,LEV AC Charge point,3.3,3.3,1
BEE_EV_PCS_2025,IOCL,Govt.,Gujarat,Anand,Anand,Anand-V V Nagar Road Anand Dist. Anand,22.552123,72.942402,Type-II AC,7.4,7.4,1
BEE_EV_PCS_2025,IOCL,Govt.,Gujarat,Kheda,Kheda,Apruji To Kapadwanj Road Tal Apruji Tal. Kathlal Dist. Kheda,23.043,72.929,LEV AC Charge point,3.3,3.3,1
BEE_EV_PCS_2025,IOCL,Govt.,Gujarat,Ahmedabad,Ahmedabad,At - Bodkadev Sarkhej-Gandhinagar Highway Dist - Ahmedabad,23.0413,72.5126,LEV AC Charge point,3.3,3.3,1
BEE_EV_PCS_2025,IOCL,Govt.,Gujarat,Banas Kantha,Banas Kantha,At & Post : Sherau Tal. Tharad Dist. Banaskantha,24.6413,71.5401,LEV AC Charge point,3.3,3.3,1
BEE_EV_PCS_2025,IOCL,Govt.,Gujarat,Sabar Kantha,Sabar Kantha,At & Post : Akodra Tal. Himmatnagar Dist. Sabarkantha,23.5392,73.0029,LEV AC Charge point,3.3,3.3,1
BEE_EV_PCS_2025,IOCL,Govt.,Gujarat,Sabar Kantha,Sabar Kantha,At & Post : Badoli Tal. Idar Dist. Sabarkantha,23.8241,73.0656,LEV AC Charge point,3.3,3.3,1
BEE_EV_PCS_2025,IOCL,Govt.,Gujarat,Banas Kantha,Banas Kantha,At & Post : Bhorol Tal. Tharad Dist. Banaskantha,24.516,71.5478,LEV AC Charge point,3.3,3.3,1
BEE_EV_PCS_2025,IOCL,Govt.,Gujarat,Sabar Kantha,Sabar Kantha,At & Post : Dedhrota Navalpur Pati Tal. Himmatnagar Dist. Sabarkantha,23.604258,72.897984,LEV AC Charge point,3.3,3.3,1
BEE_EV_PCS_2025,IOCL,Govt.,Gujarat,Arvalli,Aravalli,At & Post : Demai On State Highway No. 59 Tal. Bayad Dist. Aravalli,23.145268,73.215606,LEV AC Charge point,3.3,3.3,1
BEE_EV_PCS_2025,IOCL,Govt.,Gujarat,Sabar Kantha,Sabar Kantha,At & Post : Ilol Tavad Road Tal. Himmatnagar Dist. Sabarkantha,23.6432,72.9138,LEV AC Charge point,3.3,3.3,1
BEE_EV_PCS_2025,IOCL,Govt.,Gujarat,Banas Kantha,Banas Kantha,At & Post : Jadiya Tal. Dhanera Dist. Banaskantha,24.590193,72.022171,LEV AC Charge point,3.3,3.3,1
BEE_EV_PCS_2025,IOCL,Govt.,Gujarat,Patan,Patan,At & Post : Kakoshi Tal. Sidhpur Dist. Patan,24.009573,72.300596,LEV AC Charge point,3.3,3.3,1
BEE_EV_PCS_2025,IOCL,Govt.,Gujarat,Banas Kantha,Banas Kantha,At & Post : Kumbhasan Tal. Palanpur Dist. Banaskantha,24.170049,72.311818,LEV AC Charge point,3.3,3.3,1
BEE_EV_PCS_2025,IOCL,Govt.,Gujarat,Sabar Kantha,Sabar Kantha,At & Post : Matoda Tal. Khedbramha Dist. Sabarkantha,24.13431,73.01188,LEV AC Charge point,3.3,3.3,1
BEE_EV_PCS_2025,IOCL,Govt.,Gujarat,Banas Kantha,Banas Kantha,At & Post : Moriya Tal. Vadgam Dist. Banaskantha,24.102934,72.663239,LEV AC Charge point,3.3,3.3,1
BEE_EV_PCS_2025,IOCL,Govt.,Gujarat,Banas Kantha,Banas Kantha,At & Post : Nagafana Tal. Deesa Dist. Banaskantha,24.375629,72.074294,LEV AC Charge point,3.3,3.3,1
BEE_EV_PCS_2025,IOCL,Govt.,Gujarat,Sabar Kantha,Sabar Kantha,At & Post : Parabada Himmatnagar By Pass Himmatnagar Dist. Sabarkantha,23.6017,72.9437,LEV AC Charge point,3.3,3.3,1
BEE_EV_PCS_2025,IOCL,Govt.,Gujarat,Kheda,Kheda,At & Post : Pithai Tal. Kathlal Dist. Kheda,22.908061,72.942941,LEV AC Charge point,3.3,3.3,1
BEE_EV_PCS_2025,IOCL,Govt.,Gujarat,Patan,Patan,At & Post : Sinad Taluka : Radhanpur Distt : Patan,23.8323,71.6454,Type-II AC,7.4,7.4,1
BEE_EV_PCS_2025,IOCL,Govt.,Gujarat,Arvalli,Aravalli,At & Post : Tintoi Nr. Tintoi Bus State Highway No. 5 Tal. Modasa Dist. Aravalli,23.611445,73.325407,LEV AC Charge point,3.3,3.3,1
BEE_EV_PCS_2025,IOCL,Govt.,Gujarat,Sabar Kantha,Sabar Kantha,At & Post : Vaktapur Tal. Himmatnagar Dist. Sabarkantha,23.67574,72.951427,LEV AC Charge point,3.3,3.3,1
BEE_EV_PCS_2025,IOCL,Govt.,Gujarat,Gandhinagar,Gandhi Nagar,At & Post: Mansa Rajpura Chokdi Tal. Mansa Dist. Gandhinagar,23.400829,72.649304,LEV AC Charge point,3.3,3.3,1
BEE_EV_PCS_2025,IOCL,Govt.,Gujarat,Banas Kantha,Banas Kantha,At : Jerda On Nh 168 A Taluka : Deesa District : Banaskantha,24.367876,72.12455,LEV AC Charge point,3.3,3.3,1
BEE_EV_PCS_2025,IOCL,Govt.,Gujarat,Mahesana,Mehsana,At : Sundhia Visnagar Kheralu Sh Taluka : Vadnagar Distrct : Mehsana,23.843227,72.587895,LEV AC Charge point,3.3,3.3,1
BEE_EV_PCS_2025,IOCL,Govt.,Gujarat,Rajkot,Rajkot,At Kolki Upleta To Kolki Sh 97,21.7867,70.2343,LEV AC Charge point,3.3,3.3,1
BEE_EV_PCS_2025,IOCL,Govt.,Gujarat,Sabar Kantha,Sabar Kantha,At Village : Badoli Tal. Idar Dist. Sabarkantha,23.821623,73.070245,LEV AC Charge point,3.3,3.3,1
BEE_EV_PCS_2025,IOCL,Govt.,Gujarat,Gandhinagar,Gandhi Nagar,At Village : Bilodara On Sh-55 Tal. Mansa Dist. Gandhinagar,23.537501,72.676752,Type-II AC,7.4,7.4,1
BEE_EV_PCS_2025,IOCL,Govt.,Gujarat,Anand,Anand,At Village : Jitodia On National Highway No. 228 Tal. Anand Dist. Anand,22.511807,72.953013,LEV AC Charge point,3.3,3.3,1
BEE_EV_PCS_2025,IOCL,Govt.,Gujarat,Banas Kantha,Banas Kantha,At Village : Khodla Tal. Kankrej Dist. Banaskantha,24.124455,71.953145,LEV AC Charge point,3.3,3.3,1
BEE_EV_PCS_2025,IOCL,Govt.,Gujarat,Banas Kantha,Banas Kantha,At Village : Mangrol Tal. Tharad Dist. Banaskantha,24.502593,71.680304,LEV AC Charge point,3.3,3.3,1
BEE_EV_PCS_2025,IOCL,Govt.,Gujarat,Banas Kantha,Banas Kantha,At Village : Panchada Tal. Vadgam Dist. Banaskantha,24.054279,72.567927,LEV AC Charge point,3.3,3.3,1
BEE_EV_PCS_2025,IOCL,Govt.,Gujarat,Banas Kantha,Banas Kantha,At Village : Piluda On National Highway No. 68 Tal. Tharad Dist. Banaskantha,24.561626,71.70145,LEV AC Charge point,3.3,3.3,1
BEE_EV_PCS_2025,IOCL,Govt.,Gujarat,Banas Kantha,Banas Kantha,At Village : Raviya Tal. Dhanera Dist. Banaskantha,24.566093,72.125024,LEV AC Charge point,3.3,3.3,1
BEE_EV_PCS_2025,IOCL,Govt.,Gujarat,Anand,Anand,At Village : Sihol Tal. Petlda Dist. Anand,22.50503,72.841964,Type-II AC,7.4,7.4,1
BEE_EV_PCS_2025,IOCL,Govt.,Gujarat,Banas Kantha,Banas Kantha,At Village : Suigam Tal. Suigam Dist. Banaskantha,24.178374,71.37444,LEV AC Charge point,3.3,3.3,1
BEE_EV_PCS_2025,IOCL,Govt.,Gujarat,Anand,Anand,At Village : Tarapur On State Highway No. 8 Tal. Talapur Dist. Anand,22.495343,72.649694,LEV AC Charge point,3.3,3.3,1
BEE_EV_PCS_2025,IOCL,Govt.,Gujarat,Mahesana,Mehsana,At Village : Unjha Tal. Unjha Dist. Mehsana,23.797377,72.394936,Type-II AC,7.4,7.4,1
BEE_EV_PCS_2025,IOCL,Govt.,Gujarat,Banas Kantha,Banas Kantha,At Village : Vachhol Tal. Dhanera Dist. Banaskantha,24.617021,72.331543,LEV AC Charge point,3.3,3.3,1
BEE_EV_PCS_2025,IOCL,Govt.,Gujarat,Banas Kantha,Banas Kantha,At Village : Vaghrol Tal. Dantiwada Dist. Banaskantha,24.279829,72.33156,LEV AC Charge point,3.3,3.3,1
BEE_EV_PCS_2025,IOCL,Govt.,Gujarat,Patan,Patan,At Village : Varahi Tal. Santalpur Dist. Patan,23.791971,71.460959,CCS-II,30.0,30,1
BEE_EV_PCS_2025,IOCL,Govt.,Gujarat,Anand,Anand,At Village : Varsada Vataman-Tarapur Road Tal. Tarapur Dist. Anand,22.504159,72.503,Type-II AC,7.4,7.4,1
BEE_EV_PCS_2025,IOCL,Govt.,Gujarat,Arvalli,Aravalli,At. & Post : Hallodar Tal. Malpur Dist. Aravalli,23.294169,73.505345,LEV AC Charge point,3.3,3.3,1
BEE_EV_PCS_2025,IOCL,Govt.,Gujarat,Ahmedabad,Ahmedabad,At. & Post : Koth Tal. Dholka Dist. Ahmedabad,22.641211,72.301663,LEV AC Charge point,3.3,3.3,1
BEE_EV_PCS_2025,IOCL,Govt.,Gujarat,Ahmedabad,Ahmedabad,At. & Post : Suraj Tal. Jotana Dist. Mehsana,23.384889,72.308509,LEV AC Charge point,3.3,3.3,1
BEE_EV_PCS_2025,IOCL,Govt.,Gujarat,Sabar Kantha,Sabar Kantha,At. Javangadh Before Raigadh N.H.48 Shamlaji To Himatnagar Tal. Himmatnagar Dist. Sk,23.643241,72.913813,Type-II AC,7.4,7.4,1
BEE_EV_PCS_2025,IOCL,Govt.,Gujarat,Kheda,Kheda,At. Kamla Chowkdi Village : Kamla Tal. Nadiad Dist. Kheda,22.72036,72.843759,LEV AC Charge point,3.3,3.3,1
BEE_EV_PCS_2025,IOCL,Govt.,Gujarat,Ahmedabad,Ahmedabad,At. Kankarvadi Viramgam To Maliya Highway Sh7Tal. Viramgam Dist. A'Bad,23.0789,71.9657,LEV AC Charge point,3.3,3.3,1
BEE_EV_PCS_2025,IOCL,Govt.,Gujarat,Ahmedabad,Ahmedabad,At. Lambha Tal. Vatva Dist. Ahmedabad,22.924079,72.5613,CCS-II,60.0,60,1
BEE_EV_PCS_2025,IOCL,Govt.,Gujarat,Sabar Kantha,Sabar Kantha,At. Madhva Chokdi Sudrasana Bus St Near Valasana Village Tal Idar Dist. Sabarkantha,23.89169,73.09809,LEV AC Charge point,3.3,3.3,1
BEE_EV_PCS_2025,IOCL,Govt.,Gujarat,Kheda,Kheda,At. Mahudha On State Highway No. 59 Dist. Kheda,22.80598,72.93008,LEV AC Charge point,3.3,3.3,1
BEE_EV_PCS_2025,IOCL,Govt.,Gujarat,Banas Kantha,Banas Kantha,At. Rampura Post. Sardarpur Tal. Palanpur Dist. Banaskantha,23.643241,72.913813,LEV AC Charge point,3.3,3.3,1
BEE_EV_PCS_2025,IOCL,Govt.,Gujarat,Arvalli,Aravalli,At. Vantada Post : Vatrak Tal. Bayad Dist. Aravalli,23.2429,73.22202,LEV AC Charge point,3.3,3.3,1
BEE_EV_PCS_2025,IOCL,Govt.,Gujarat,Ahmedabad,Ahmedabad,At. Vatva Ahmedabad City Ahmedabad,22.936004,72.624607,CCS-II,60.0,60,1
BEE_EV_PCS_2025,IOCL,Govt.,Gujarat,Ahmedabad,Ahmedabad,At. Vejalka Opp. Ashapura Hotel Bagodara-Tarapur Highway Tal. Dholka Dist. Ahmedabad,22.555,72.3031,LEV AC Charge point,3.3,3.3,1
BEE_EV_PCS_2025,IOCL,Govt.,Gujarat,Banas Kantha,Banas Kantha,At. Village : Jadiyali Tal. Lakhani Dist. Banaskantha,24.455602,71.926074,LEV AC Charge point,3.3,3.3,1
BEE_EV_PCS_2025,IOCL,Govt.,Gujarat,Ahmedabad,Ahmedabad,At. Village : Muthiya Tal. Asarva Dist. Ahmedabad,23.0,73.0,Type-II AC,7.4,7.4,1
BEE_EV_PCS_2025,IOCL,Govt.,Gujarat,Ahmedabad,Ahmedabad,At. Village Manpura Tal. Mandal Dist. Ahmedabad,23.318228,72.053093,CCS-II,30.0,30,1
BEE_EV_PCS_2025,IOCL,Govt.,Gujarat,Ahmedabad,Ahmedabad,At: Godhavinr. Sanskar Dham School Ramdev Farm Bopal- Sanand Rd. Dist. Ahmedabad,23.027107,72.42085,Type-II AC,7.4,7.4,1
BEE_EV_PCS_2025,IOCL,Govt.,Gujarat,Kheda,Kheda,At: Piplag Naear Khodiyar Temple Nadiad Petlad Road Taluka: Nadia District: Anand,22.653625,72.855483,LEV AC Charge point,3.3,3.3,1
BEE_EV_PCS_2025,IOCL,Govt.,Gujarat,Vadodara,Vadodara,Balaji Kisan Seva Kendra (Adhoc) Survey No.1324 Vill: Sinor Tal: Sinor Dist: Vadodara,21.924015,73.33642,Type-II AC,7.4,7.4,1
BEE_EV_PCS_2025,IOCL,Govt.,Gujarat,Gandhinagar,Gandhi Nagar,Balva Chokdi Opp. Mahisagar Hotel At. Balva Tal. Kalol Dist. Gandhinagar,23.350252,72.644157,LEV AC Charge point,3.3,3.3,1
BEE_EV_PCS_2025,IOCL,Govt.,Gujarat,Valsad,Valsad,Bhilad Nh-08 Near Naroli Cha Rasta Tal Umbergaon Dist Valsad Rasta Tal Umbergaon Dist Valsad,20.2833,72.8954,Type-II AC,7.4,7.4,1
BEE_EV_PCS_2025,IOCL,Govt.,Gujarat,Kheda,Kheda,Block No. 474/P Nh-8 Vill. Kanera Taluka&Dist : Kheda Dist. Kheda,22.8198,72.6149,LEV AC Charge point,3.3,3.3,1
BEE_EV_PCS_2025,IOCL,Govt.,Gujarat,Ahmedabad,Ahmedabad,Block No.303 Amli-Bopal Road Ahmedabad.,23.0293,72.475,CCS-II,60.0,60,1
BEE_EV_PCS_2025,IOCL,Govt.,Gujarat,Gandhinagar,Gandhi Nagar,Block No.48 (Part) Village Khatraj Tal Kalol District Gandhinagar,23.1479,72.445,Type-II AC,7.4,7.4,1
BEE_EV_PCS_2025,IOCL,Govt.,Gujarat,Vadodara,Vadodara,Block No.617/P Vill: Dumad Tal: Vadodara Dist: Vadodara State Highway,22.382526,73.191092,LEV AC Charge point,3.3,3.3,1
BEE_EV_PCS_2025,IOCL,Govt.,Gujarat,Vadodara,Vadodara,Block No.617/P Vill: Dumad Tal: Vadodara Dist: Vadodara State Highway,22.382526,73.191092,Type-II AC,7.4,7.4,1
BEE_EV_PCS_2025,IOCL,Govt.,Gujarat,Banas Kantha,Banas Kantha,C/O. Bihari Farm At & Post : Pilucha Tal. Vadgam Dist. Banaskantha,23.977236,72.523998,LEV AC Charge point,3.3,3.3,1
BEE_EV_PCS_2025,IOCL,Govt.,Gujarat,Gandhinagar,Gandhi Nagar,Dashela Survey No. 505 Village - Dashela Taluka - Gandhinagar Dist.- Gandhi,23.258503,72.746102,LEV AC Charge point,3.3,3.3,1
BEE_EV_PCS_2025,IOCL,Govt.,Gujarat,Banas Kantha,Banas Kantha,Deesa - Chitrasani Road At. Village - Bhatamal Moti Tal.Palanpur Dist.Banaksantha,24.281562,72.38944,LEV AC Charge point,3.3,3.3,1
BEE_EV_PCS_2025,IOCL,Govt.,Gujarat,Banas Kantha,Banas Kantha,Deesa - Palanpur Highway Dist. Banaskantha Banaskantha,24.2455,72.2044,LEV AC Charge point,3.3,3.3,1
BEE_EV_PCS_2025,IOCL,Govt.,Gujarat,Banas Kantha,Banas Kantha,Deesa-Radhanpur Road Nh No. 27 At. Lorvada Tal. Deesa Dist. Banaskantha,24.226829,72.091279,CCS-II,30.0,30,1
BEE_EV_PCS_2025,IOCL,Govt.,Gujarat,Devbhumi Dwarka,Devbhumi Dwarka,Dwarka Nh8E Indian Oil Dealer District Jamnagar,22.244953,68.96415,LEV AC Charge point,3.3,3.3,1
BEE_EV_PCS_2025,IOCL,Govt.,Gujarat,Ahmedabad,Ahmedabad,E-358/359 Gvmmlimited Odhav Road Nh 59 Odhav Ahmedabad,23.0251,72.6763,CCS-II,60.0,60,1
BEE_EV_PCS_2025,IOCL,Govt.,Gujarat,Ahmedabad,Ahmedabad,F.P.No.81 Tps No.16 Mouje Shaherkotda Saraspur-Ahmedabad,23.0311,72.6053,CCS-II,60.0,60,1
BEE_EV_PCS_2025,IOCL,Govt.,Gujarat,Narmada,Narmada,Garudeshwar Phata Nandol Talukaakteshwar Villag Dist.Bharuch (219),21.8969,73.6476,LEV AC Charge point,3.3,3.3,1
BEE_EV_PCS_2025,IOCL,Govt.,Gujarat,Ahmedabad,Ahmedabad,Gota Village Gota Ahmedabad,23.0944,72.5358,LEV AC Charge point,3.3,3.3,1
BEE_EV_PCS_2025,IOCL,Govt.,Gujarat,Panch Mahals,Panch Mahal,Govindi Taluka- Godhra District - Panchmahal State: Gujarat,22.802778,73.637208,LEV AC Charge point,3.3,3.3,1
BEE_EV_PCS_2025,IOCL,Govt.,Gujarat,Ahmedabad,Ahmedabad,Gst-Chenpur Road At. Chenpur New Ranip Ahmedabad,23.0962,72.5601,CCS-II,60.0,60,1
BEE_EV_PCS_2025,IOCL,Govt.,Gujarat,Sabar Kantha,Sabar Kantha,Harsol-Modas Highway Rojad Chowkdi Tal Bayad Sk Rojad Cohowkdi,23.3455,73.0766,LEV AC Charge point,3.3,3.3,1
BEE_EV_PCS_2025,IOCL,Govt.,Gujarat,Banas Kantha,Banas Kantha,Highway Checkpost Posttal-Palanpur Dist:Banaskantha,24.191337,72.43428,LEV AC Charge point,3.3,3.3,1
BEE_EV_PCS_2025,IOCL,Govt.,Gujarat,Banas Kantha,Banas Kantha,Highway Road At. Amirgadh Dist. Banaskantha,24.3931,72.6235,CCS-II,30.0,30,1
BEE_EV_PCS_2025,IOCL,Govt.,Gujarat,Surat,Surat City,Ibp Dealer Gangadhara At Kareliaena Tundi Patia Dist:Surat,21.1352,73.0422,CCS-II,30.0,30,1
BEE_EV_PCS_2025,IOCL,Govt.,Gujarat,Banas Kantha,Banas Kantha,Ibp Dealerhighway Road Nr.Rto Check Post Tal-Palanpurbanaskantha,24.1929,72.437,LEV AC Charge point,3.3,3.3,1
BEE_EV_PCS_2025,IOCL,Govt.,Gujarat,Anand,Anand,Ibp Dealersnh No 8 Village Vasad Dist-Anand,22.4547,73.0714,LEV AC Charge point,3.3,3.3,1
BEE_EV_PCS_2025,IOCL,Govt.,Gujarat,Patan,Patan,Ibp Petrol Pump Khalichar Rasta Highway Post-Khalital-Sidhpur.,23.893709,72.368986,Type-II AC,7.4,7.4,1
BEE_EV_PCS_2025,IOCL,Govt.,Gujarat,Sabar Kantha,Sabar Kantha,Idar - Valasana Highway At&Po:Deshotar Dist.Sabarkantha Dist. Sabarkantha,23.805831,72.870594,LEV AC Charge point,3.3,3.3,1
BEE_EV_PCS_2025,IOCL,Govt.,Gujarat,Ahmedabad,Ahmedabad,Indian Oil Dealer 39 Km Ahmedabad-Bombay Nh8 Narol A'Bad Dist.Ahmedabad.Tel:3901,22.9632,72.5905,LEV AC Charge point,3.3,3.3,1
BEE_EV_PCS_2025,IOCL,Govt.,Gujarat,Jamnagar,Jamnagar,Indian Oil Dealer Survey No. 657 Village : Changa Patia Taluka : Jamnagar,22.342275,70.026183,Type-II AC,7.4,7.4,1
BEE_EV_PCS_2025,IOCL,Govt.,Gujarat,Navsari,Navsari,"Indian Oil Dealer ""Rs. No. 51/1 P Vill:Jamalpore"" Navsari Gandevi Road",20.9322,72.9432,CCS-II,30.0,30,1
BEE_EV_PCS_2025,IOCL,Govt.,Gujarat,Ahmedabad,Ahmedabad,Indian Oil Dealer 152 Km Mandal Road Viramgam Dist.Ahmedabad. Tel:218,23.1268,72.0483,Type-II AC,7.4,7.4,1
BEE_EV_PCS_2025,IOCL,Govt.,Gujarat,Arvalli,Aravalli,Indian Oil Dealer At & Post : Ambiliyara Tal : Bayad Dist. Sk.,23.209,73.0396,LEV AC Charge point,3.3,3.3,1
BEE_EV_PCS_2025,IOCL,Govt.,Gujarat,Arvalli,Aravalli,Indian Oil Dealer At Po Ta Bhiloda Dist Sabarkantha Gujrat,23.7665,73.2466,LEV AC Charge point,3.3,3.3,1
BEE_EV_PCS_2025,IOCL,Govt.,Gujarat,Mahisagar,Mahisagar,Indian Oil Dealer At Umariya Tal: Khanpur Sh-5 Dist: Panchmahal Gujarat 383350,23.3057,73.5832,LEV AC Charge point,3.3,3.3,1
BEE_EV_PCS_2025,IOCL,Govt.,Gujarat,Sabar Kantha,Sabar Kantha,Indian Oil Dealer At Vadali T A Vadali Dist Sabarkantha Dist. Sabarkantha,23.9394,73.039,LEV AC Charge point,3.3,3.3,1
BEE_EV_PCS_2025,IOCL,Govt.,Gujarat,Tapi,Tapi,Indian Oil Dealer B No.925/2 C S No.1278/B/2 Vill: Valod Tal: Valod Tapi,21.04919,73.26815,LEV AC Charge point,3.3,3.3,1
BEE_EV_PCS_2025,IOCL,Govt.,Gujarat,Surat,Surat City,Indian Oil Dealer B/Survey No.96 Vill: Kumbhari Tal: Olpad Dist: Surat,21.35336,72.72829,Type-II AC,7.4,7.4,1
BEE_EV_PCS_2025,IOCL,Govt.,Gujarat,Surat,Surat City,Indian Oil Dealer Block No. 217 Paiki S No.113 Vill: Bamania Tal: Mahuva,20.9511,73.1829,CCS-II,30.0,30,1
BEE_EV_PCS_2025,IOCL,Govt.,Gujarat,Panch Mahals,Panch Mahal,Indian Oil Dealer Block No.1213 Vill: Derol Gam Tal: Kalol Dist: Panchmahal,22.628166,73.453519,LEV AC Charge point,3.3,3.3,1
BEE_EV_PCS_2025,IOCL,Govt.,Gujarat,Surat,Surat City,Indian Oil Dealer Block No.142 A Vill: Vav Tal: Kamrej Dist: Surat,21.226614,72.9691,Type-II AC,7.4,7.4,1
BEE_EV_PCS_2025,IOCL,Govt.,Gujarat,Surat,Surat City,Indian Oil Dealer Block No.152 Vill: Dhamdod Nh-48 Tal: Mangrol Surat,21.516211,73.004504,Type-II AC,7.4,7.4,1
BEE_EV_PCS_2025,IOCL,Govt.,Gujarat,Vadodara,Vadodara,Indian Oil Dealer Block No.405 Vill: Pingalwada Tal: Karjan Dist: Vadodara,22.103063,73.092267,Type-II AC,7.4,7.4,1
BEE_EV_PCS_2025,IOCL,Govt.,Gujarat,Tapi,Tapi,Indian Oil Dealer Block No.444 Paiki-1 Vill: Vyara Dist: Tapi,21.1237,73.3935,CCS-II,30.0,30,1
BEE_EV_PCS_2025,IOCL,Govt.,Gujarat,Surat,Surat City,Indian Oil Dealer Block No.485 F P No.07 Pal Dist: Surat Surat City,21.1889,72.7724,Type-II AC,7.4,7.4,1
BEE_EV_PCS_2025,IOCL,Govt.,Gujarat,Navsari,Navsari,Indian Oil Dealer Block/Survey No.1669 Vill: Khergam Tal: Khergam,20.638403,73.094737,Type-II AC,7.4,7.4,1
BEE_EV_PCS_2025,IOCL,Govt.,Gujarat,Valsad,Valsad,Indian Oil Dealer Block/Survey No.582 Vill:Tumb Tal: Umbergaon Dist: Valsad,20.219976,72.838698,Type-II AC,7.4,7.4,1
BEE_EV_PCS_2025,IOCL,Govt.,Gujarat,Bharuch,Bharuch,Indian Oil Dealer Block/Suvey No.5 Vill: Bharan Tal: Ankleshwar Dist: Bharuch,21.506149,73.038571,LEV AC Charge point,3.3,3.3,1
BEE_EV_PCS_2025,IOCL,Govt.,Gujarat,Bharuch,Bharuch,Indian Oil Dealer City Survey No 2691 Ankleshwar,21.6341,72.9917,LEV AC Charge point,3.3,3.3,1
BEE_EV_PCS_2025,IOCL,Govt.,Gujarat,Ahmedabad,Ahmedabad,Indian Oil Dealer Dhandhuka Dist.Ahmedabad. 245 Km,22.3947,71.9813,Type-II AC,7.4,7.4,1
BEE_EV_PCS_2025,IOCL,Govt.,Gujarat,Panch Mahals,Panch Mahal,Indian Oil Dealer Kantu Taluka- Ghoghamba District- Panchmahal Gujarat,22.622437,73.79478,LEV AC Charge point,3.3,3.3,1
BEE_EV_PCS_2025,IOCL,Govt.,Gujarat,Sabar Kantha,Sabar Kantha,Indian Oil Dealer Khedbrahma Ta Khedbramha Dist Sabarkantha,24.027,73.0465,LEV AC Charge point,3.3,3.3,1
BEE_EV_PCS_2025,IOCL,Govt.,Gujarat,Surendranagar,Surendranagar,Indian Oil Dealer Lakhtar Dist. Surendranagar Lakhtar,22.8576,71.7942,LEV AC Charge point,3.3,3.3,1
BEE_EV_PCS_2025,IOCL,Govt.,Gujarat,Ahmedabad,Ahmedabad,Indian Oil Dealer Nh8 Opp.Transport Nagar Nh 8 Narol Ahmedabaddist.Ahmedabad.382405,22.970431,72.589066,Type-II AC,7.4,7.4,1
BEE_EV_PCS_2025,IOCL,Govt.,Gujarat,Ahmedabad,Ahmedabad,Indian Oil Dealer Nr.Polytecn Ambawadi Ahmedabad 3 Dist.Ahmedabad,23.024,72.549,CCS-II,60.0,60,1
BEE_EV_PCS_2025,IOCL,Govt.,Gujarat,Ahmedabad,Ahmedabad,Indian Oil Dealer Nr.Sardar P Stadium Xavier'S School Road Ahmedabaddist.Ahmedabad,23.0445,72.561,CCS-II,60.0,60,1
BEE_EV_PCS_2025,IOCL,Govt.,Gujarat,Ahmedabad,Ahmedabad,Indian Oil Dealer Opp.Jain Merchant Soc. Paldi Ahmedabad Dist.Ahmedabad.,23.0085,72.5603,CCS-II,60.0,60,1
BEE_EV_PCS_2025,IOCL,Govt.,Gujarat,Vadodara,Vadodara,Indian Oil Dealer R B No.5 Vill: Kanthariya Tal: Karjan Dist: Vadodara,21.952833,73.192699,Type-II AC,7.4,7.4,1
BEE_EV_PCS_2025,IOCL,Govt.,Gujarat,Surat,Surat City,Indian Oil Dealer R Block No.85/B Rs No.92&93P Vill: Kharbhasi Tal: Palsana,21.1458,72.949,LEV AC Charge point,3.3,3.3,1
BEE_EV_PCS_2025,IOCL,Govt.,Gujarat,Mahisagar,Mahisagar,Indian Oil Dealer R S / Block No.9 P-2. Vill: Charngam Tal: Lunawada,23.05922,73.447147,Type-II AC,7.4,7.4,1
BEE_EV_PCS_2025,IOCL,Govt.,Gujarat,Surat,Surat City,/ŶĚŝĂŶKŝůĞĂůĞƌZ^ͬůŽĐŬEŽ͘ϭϰϬͬWĂŝŬŝϭsŝůů͗dĂůƵŬĂͲKůƉĂĚŝƐƚƌŝĐƚʹ ^ƵƌĂƚ,21.417461,72.882238,Type-II AC,7.4,7.4,1
BEE_EV_PCS_2025,IOCL,Govt.,Gujarat,Valsad,Valsad,Indian Oil Dealer R S No. 1331/Paiki 1 Vill- Dungri Taluka- Valsad District- Valsad,20.676949,72.974072,LEV AC Charge point,3.3,3.3,1
BEE_EV_PCS_2025,IOCL,Govt.,Gujarat,Vadodara,Vadodara,Indian Oil Dealer R S No. 301/1/1&302/1 Vill: Gothda Tal: Savli,22.542782,73.226891,LEV AC Charge point,3.3,3.3,1
BEE_EV_PCS_2025,IOCL,Govt.,Gujarat,Valsad,Valsad,Indian Oil Dealer R S No.1098 Vill: Bilpudi Tal: Dharampur Dist: Valsad,20.5278,73.1999,LEV AC Charge point,3.3,3.3,1
BEE_EV_PCS_2025,IOCL,Govt.,Gujarat,Surat,Surat City,Indian Oil Dealer R S No.149/A Vill: Kanav Tal: Palsana Dist: Surat,21.093176,73.017891,Type-II AC,7.4,7.4,1
BEE_EV_PCS_2025,IOCL,Govt.,Gujarat,Vadodara,Vadodara,Indian Oil Dealer R S No.178 Vill: Dhaniyavi Tal: Vadodara Dist: Vadodara,22.201517,73.238026,LEV AC Charge point,3.3,3.3,1
BEE_EV_PCS_2025,IOCL,Govt.,Gujarat,Panch Mahals,Panch Mahal,Indian Oil Dealer R S No.41P2 Vill: Vanakpur Tal: Godhra Dist: Panchmahal,22.73694,73.59496,Type-II AC,7.4,7.4,1
BEE_EV_PCS_2025,IOCL,Govt.,Gujarat,Dahod,Dahod,Indian Oil Dealer R S No.6/2 P Vill: Doki Nh-113 Dist: Dahod,22.9061,74.2215,Type-II AC,7.4,7.4,1
BEE_EV_PCS_2025,IOCL,Govt.,Gujarat,Vadodara,Vadodara,Indian Oil Dealer R S No.61/2 Vill:Bhadarva Tal: Savli Dist: Vadodara,22.515461,73.131607,Type-II AC,7.4,7.4,1
BEE_EV_PCS_2025,IOCL,Govt.,Gujarat,Mahisagar,Mahisagar,Indian Oil Dealer R S No.666768 Vill:Limbodra Tal: Lunawada Dist: Mahisagar,23.19569,73.601323,Type-II AC,7.4,7.4,1
BEE_EV_PCS_2025,IOCL,Govt.,Gujarat,Vadodara,Vadodara,Indian Oil Dealer R S No.769/B/P.1 Vill Kotambi Tal: Waghodia,22.4157,73.3089,Type-II AC,7.4,7.4,1
BEE_EV_PCS_2025,IOCL,Govt.,Gujarat,Valsad,Valsad,Indian Oil Dealer R S No.824 Vill: Chiri Tal: Vapi Dist: Valsad,20.385181,72.911453,LEV AC Charge point,3.3,3.3,1
BEE_EV_PCS_2025,IOCL,Govt.,Gujarat,Valsad,Valsad,Indian Oil Dealer R S No.853/2 Vill: Nargol Tal: Umargam Dsit: Valsad,20.244857,72.757904,Type-II AC,7.4,7.4,1
BEE_EV_PCS_2025,IOCL,Govt.,Gujarat,Valsad,Valsad,Indian Oil Dealer R S No.899 Vill: Phaldhara Tal: Valsad Dist: Valsad,20.5142,73.1028,Type-II AC,7.4,7.4,1
BEE_EV_PCS_2025,IOCL,Govt.,Gujarat,Dahod,Dahod,Indian Oil Dealer R S No.954/1 Vill: Jhalod Tal: Jhalod Dist: Dahod,23.087836,74.15282,CCS-II,30.0,30,1
BEE_EV_PCS_2025,IOCL,Govt.,Gujarat,Surat,Surat City,Indian Oil Dealer R S/Block No. 62/A 123& 124 Vill: Rupan Tal: Mandvisurat,21.274524,73.315711,Type-II AC,7.4,7.4,1
BEE_EV_PCS_2025,IOCL,Govt.,Gujarat,Narmada,Narmada,Indian Oil Dealer R.S No.178 Vill: Utavali Tal: Tilakwada Dist: Narmada,22.010133,73.546773,Type-II AC,7.4,7.4,1
BEE_EV_PCS_2025,IOCL,Govt.,Gujarat,Vadodara,Vadodara,Indian Oil Dealer R.S No.919 Vill: Anandi Tal: Sinor Dist: Vadodara,22.018664,73.372536,Type-II AC,7.4,7.4,1
BEE_EV_PCS_2025,IOCL,Govt.,Gujarat,Vadodara,Vadodara,Indian Oil Dealer R.S/Block No. 14 Vill: Mangrol. Tal: Karjan Dist: Vadodara,22.01291,73.03972,LEV AC Charge point,3.3,3.3,1
BEE_EV_PCS_2025,IOCL,Govt.,Gujarat,Ahmedabad,Ahmedabad,Indian Oil Dealer Rakhial Road Ahmedabad Dist.Ahmedabad. Tel:367164,23.022032,72.618484,LEV AC Charge point,3.3,3.3,1
BEE_EV_PCS_2025,IOCL,Govt.,Gujarat,Valsad,Valsad,Indian Oil Dealer Revenue Block No. 1669 Bhagdwada Tal: Valsad,20.6146,72.9109,LEV AC Charge point,3.3,3.3,1
BEE_EV_PCS_2025,IOCL,Govt.,Gujarat,Bharuch,Bharuch,Indian Oil Dealer Revenue Survey No. 21/P&13/P Village: Kesrol Dist: Bharuch,21.7136,72.7909,CCS-II,30.0,30,1
BEE_EV_PCS_2025,IOCL,Govt.,Gujarat,Vadodara,Vadodara,Indian Oil Dealer Revenue Survey No. 50 Paiki-3 Vill: Ranoli Tal: Vadodara,22.393727,73.132181,Type-II AC,7.4,7.4,1
BEE_EV_PCS_2025,IOCL,Govt.,Gujarat,Bharuch,Bharuch,Indian Oil Dealer Revenue Survey/Block No : 1837 Vill: Achhod Tal: Amodbhruch,21.970176,72.840721,LEV AC Charge point,3.3,3.3,1
BEE_EV_PCS_2025,IOCL,Govt.,Gujarat,Surat,Surat City,Indian Oil Dealer Revenue Survey/Block No:22 Vill: Karanj Tal: Mandvi,21.3729,72.98701,LEV AC Charge point,3.3,3.3,1
BEE_EV_PCS_2025,IOCL,Govt.,Gujarat,Tapi,Tapi,/ŶĚŝĂŶKŝůĞĂůĞƌZĞǀĞŶƵĞͬ^ƵƌǀĞǇEŽ͘ϯϰϱsŝůů͗DĂǇƉƵƌdĂůƵŬĂʹsǇĂƌĂ,21.0994,73.3244,Type-II AC,7.4,7.4,1
BEE_EV_PCS_2025,IOCL,Govt.,Gujarat,Navsari,Navsari,Indian Oil Dealer Rs Block No.1395 Vill:Gandeva Tal: Chikhli Dist: Nvsari,20.86344,73.08838,Type-II AC,7.4,7.4,1
BEE_EV_PCS_2025,IOCL,Govt.,Gujarat,Surat,Surat City,Indian Oil Dealer Rs No. 123 Bagumara Tal Palsana Nh - 6 Dist.: Surat,21.1518,73.0123,CCS-II,30.0,30,1
BEE_EV_PCS_2025,IOCL,Govt.,Gujarat,Surat,Surat City,Indian Oil Dealer Rs No.193/2 Block No.447 Vill: Bhatha Tal: Choryasi,21.1916,72.75257,Type-II AC,7.4,7.4,1
BEE_EV_PCS_2025,IOCL,Govt.,Gujarat,Bharuch,Bharuch,Indian Oil Dealer S.B No.447 Vill: Samlod Tal: Bharuch Dist: Bharuch,21.822988,73.091092,LEV AC Charge point,3.3,3.3,1
BEE_EV_PCS_2025,IOCL,Govt.,Gujarat,Surat,Surat City,Indian Oil Dealer S/B No. 450 (New) 238/2/Paiki 1(Ol Vil:Hansaporetal:Jalalporedit: Na,20.907787,72.932949,LEV AC Charge point,3.3,3.3,1
BEE_EV_PCS_2025,IOCL,Govt.,Gujarat,Tapi,Tapi,Indian Oil Dealer S/B No.19 Vill: Jamki Tal: Uchhal Dist: Tapi,21.167535,73.682398,LEV AC Charge point,3.3,3.3,1
BEE_EV_PCS_2025,IOCL,Govt.,Gujarat,Surat,Surat City,Indian Oil Dealer S/B No.341/Pvill: Deladva Tal: Choryasi Dist: Surat,21.139488,72.891441,LEV AC Charge point,3.3,3.3,1
BEE_EV_PCS_2025,IOCL,Govt.,Gujarat,Mahisagar,Mahisagar,Indian Oil Dealer S/B No.363/P-1 Vill:Limbadiya Tal: Khanpur Dist:Mahisagar,23.237224,73.56976,Type-II AC,7.4,7.4,1
BEE_EV_PCS_2025,IOCL,Govt.,Gujarat,Panch Mahals,Panch Mahal,Indian Oil Dealer S/B No.424/P-4 Vill: Gollav Tal: Godhra Dist: Panchmahal,22.738055,73.786331,LEV AC Charge point,3.3,3.3,1
BEE_EV_PCS_2025,IOCL,Govt.,Gujarat,Narmada,Narmada,Indian Oil Dealer S/B No.603 Vill: Amletha Tal: Nandod Dist: Narmada,21.842241,73.430303,LEV AC Charge point,3.3,3.3,1
BEE_EV_PCS_2025,IOCL,Govt.,Gujarat,Navsari,Navsari,Indian Oil Dealer S/B No.737/002 Vill: Limzar Tal: Vansda Dist: Navsari,20.73634,73.31034,Type-II AC,7.4,7.4,1
BEE_EV_PCS_2025,IOCL,Govt.,Gujarat,Tapi,Tapi,Indian Oil Dealer S/Bl. No.30/B/1 Vill: Gunasda Tal: Songadh Dist: Tapi,21.187853,73.569767,Type-II AC,7.4,7.4,1
BEE_EV_PCS_2025,IOCL,Govt.,Gujarat,Dahod,Dahod,Indian Oil Dealer S/Block No.215/Paiki 1 Vill: Fathe District : Dahod Pin-389172,23.256763,74.049686,LEV AC Charge point,3.3,3.3,1
BEE_EV_PCS_2025,IOCL,Govt.,Gujarat,Mahisagar,Mahisagar,Indian Oil Dealer S/Block No.413/Paiki2/Paiki2 Vill: Limbadiyatal:Khanpur,23.224876,73.590105,LEV AC Charge point,3.3,3.3,1
BEE_EV_PCS_2025,IOCL,Govt.,Gujarat,Surat,Surat City,Indian Oil Dealer S/Block No.57+58/13Tp No. 34 Vill: Magob Tal: Puna,21.200098,72.859717,Type-II AC,7.4,7.4,1
BEE_EV_PCS_2025,IOCL,Govt.,Gujarat,Dahod,Dahod,Indian Oil Dealer S/Block No.64/P-1/P-1 Vill: Limdi Tal: Jhalod Dist: Dahod,22.991277,74.14724,LEV AC Charge point,3.3,3.3,1
BEE_EV_PCS_2025,IOCL,Govt.,Gujarat,Surendranagar,Surendranagar,Indian Oil Dealer Sanghvi Park Taaramani Township,21.60352,71.503652,LEV AC Charge point,3.3,3.3,1
BEE_EV_PCS_2025,IOCL,Govt.,Gujarat,Dahod,Dahod,Indian Oil Dealer Sruvey No. 25 Vill: Karodiya Tal: Fatehpura Dist: Dahod,23.260742,74.031088,Type-II AC,7.4,7.4,1
BEE_EV_PCS_2025,IOCL,Govt.,Gujarat,Bharuch,Bharuch,Indian Oil Dealer Sur./Block No.379 Vill: Hinglot Tal:& Dist: Bharuch,21.699524,72.906944,LEV AC Charge point,3.3,3.3,1
BEE_EV_PCS_2025,IOCL,Govt.,Gujarat,Valsad,Valsad,Indian Oil Dealer Survey No. 1032 Vill: Bhadeli Jagalala Tal: Valsad Valsad,20.657183,72.914628,LEV AC Charge point,3.3,3.3,1
BEE_EV_PCS_2025,IOCL,Govt.,Gujarat,Panch Mahals,Panch Mahal,Indian Oil Dealer Survey No. 113/1 Paiki2+ 112 P Vill:Popatpuratal: Godhra,22.722096,73.582841,LEV AC Charge point,3.3,3.3,1
BEE_EV_PCS_2025,IOCL,Govt.,Gujarat,Tapi,Tapi,Indian Oil Dealer Survey No. 265 Vill: Titva Tal: Valod Nh-53 Dist: Tapi,21.096118,73.254274,LEV AC Charge point,3.3,3.3,1
BEE_EV_PCS_2025,IOCL,Govt.,Gujarat,Banas Kantha,Banas Kantha,Indian Oil Dealer Survey No. 376/A Vil. Jalotra Tal. Vadgam Dist. Banaskantha,24.1416,72.5804,LEV AC Charge point,3.3,3.3,1
BEE_EV_PCS_2025,IOCL,Govt.,Gujarat,Panch Mahals,Panch Mahal,Indian Oil Dealer Survey No. 38/1 Paiki 28 Vill: Godhra Tal: Godhra,22.796984,73.617004,Type-II AC,7.4,7.4,1
BEE_EV_PCS_2025,IOCL,Govt.,Gujarat,Valsad,Valsad,Indian Oil Dealer Survey No. 45/1 Paikee Vill: Nandigam Tal: Umbergaon,20.2366,72.8841,CCS-II,30.0,30,1
BEE_EV_PCS_2025,IOCL,Govt.,Gujarat,Tapi,Tapi,Indian Oil Dealer Survey No.1054 Vill: Kalkava Tal: Dolvan Dist: Tapi,20.9616,73.25901,LEV AC Charge point,3.3,3.3,1
BEE_EV_PCS_2025,IOCL,Govt.,Gujarat,Tapi,Tapi,Indian Oil Dealer Survey No.13 Vill: Chapawadi Songadh Dist: Tapi,21.14872,73.56751,Type-II AC,7.4,7.4,1
BEE_EV_PCS_2025,IOCL,Govt.,Gujarat,Panch Mahals,Panch Mahal,Indian Oil Dealer Survey No.130/P-1 Vill:Mirap Tal: Godhra Dist: Panchmahal,22.7697,73.820143,Type-II AC,7.4,7.4,1
BEE_EV_PCS_2025,IOCL,Govt.,Gujarat,Bharuch,Bharuch,Indian Oil Dealer Survey No.132 At: Avadhar Tal: Ankleshwar Dist: Bharuch,21.62494,73.12041,LEV AC Charge point,3.3,3.3,1
BEE_EV_PCS_2025,IOCL,Govt.,Gujarat,Panch Mahals,Panch Mahal,Indian Oil Dealer Survey No.141P-1Vill:Chariya Tal: Godhra Dist: Panchmahal,22.751482,73.696175,Type-II AC,7.4,7.4,1
BEE_EV_PCS_2025,IOCL,Govt.,Gujarat,Dahod,Dahod,Indian Oil Dealer Survey No.157 Dhanar Patiya Dhanpur Dist: Dahod,22.638729,74.215521,Type-II AC,7.4,7.4,1
BEE_EV_PCS_2025,IOCL,Govt.,Gujarat,Vadodara,Vadodara,Indian Oil Dealer Survey No.1587Vill:Goraj Tal: Waghodia Dist: Vadodara,22.3341,73.4875,Type-II AC,7.4,7.4,1
BEE_EV_PCS_2025,IOCL,Govt.,Gujarat,Vadodara,Vadodara,Indian Oil Dealer Survey No.165/P Vill: Vadadla Tal: Savli Dist: Vadodara,22.46339,73.31975,Type-II AC,7.4,7.4,1
BEE_EV_PCS_2025,IOCL,Govt.,Gujarat,Panch Mahals,Panch Mahal,Indian Oil Dealer Survey No.185 P-1Vill: Halol Tal: Halol Dist:Panchmahal,22.503041,73.459421,Type-II AC,7.4,7.4,1
BEE_EV_PCS_2025,IOCL,Govt.,Gujarat,Bharuch,Bharuch,Indian Oil Dealer Survey No.208 Vill: Govali Dist: Bharuch,21.699799,73.099588,LEV AC Charge point,3.3,3.3,1
BEE_EV_PCS_2025,IOCL,Govt.,Gujarat,Surat,Surat City,Indian Oil Dealer Survey No.20Vill: Karala Tal: Palsana Dist: Surat,21.148618,72.950721,LEV AC Charge point,3.3,3.3,1
BEE_EV_PCS_2025,IOCL,Govt.,Gujarat,Panch Mahals,Panch Mahal,Indian Oil Dealer Survey No.214/P2Vill:Parawadi Tal: Godhra Dist: Panchmahal,22.784103,73.672943,Type-II AC,7.4,7.4,1
BEE_EV_PCS_2025,IOCL,Govt.,Gujarat,Chhotaudepur,Chhotaudepur,Indian Oil Dealer Survey No.330 Vill: Kalarani Tal: Jetpur Pavi Chhotaudepur,22.229994,73.8602,LEV AC Charge point,3.3,3.3,1
BEE_EV_PCS_2025,IOCL,Govt.,Gujarat,Navsari,Navsari,Indian Oil Dealer Survey No.332/P1 Vill: Devsar Tal: Gandevi Dist: Navsari,20.77646,72.9741,Type-II AC,7.4,7.4,1
BEE_EV_PCS_2025,IOCL,Govt.,Gujarat,Jamnagar,Jamnagar,Indian Oil Dealer Survey No.41/P1 Kalawad-Jamnagar Rddistt.Jamnagar,22.2483,70.3452,LEV AC Charge point,3.3,3.3,1
BEE_EV_PCS_2025,IOCL,Govt.,Gujarat,Valsad,Valsad,Indian Oil Dealer Survey No.432 Vill:Bhambha Tal: Dharampur Dist: Valsad,20.58018,73.13639,Type-II AC,7.4,7.4,1
BEE_EV_PCS_2025,IOCL,Govt.,Gujarat,Vadodara,Vadodara,Indian Oil Dealer Survey No.487 Vill: Ranu Tal: Padra Dist: Vadodara,22.212272,73.028866,LEV AC Charge point,3.3,3.3,1
BEE_EV_PCS_2025,IOCL,Govt.,Gujarat,Vadodara,Vadodara,Indian Oil Dealer Survey No.487 Vill: Ranu Tal: Padra Dist: Vadodara,22.212272,73.028866,Type-II AC,7.4,7.4,1
BEE_EV_PCS_2025,IOCL,Govt.,Gujarat,Surat,Surat City,Indian Oil Dealer Survey No.5789 Vill: Tarsadi Tal: Mangrol Dist: Surat,21.458452,72.939895,Type-II AC,7.4,7.4,1
BEE_EV_PCS_2025,IOCL,Govt.,Gujarat,Narmada,Narmada,Indian Oil Dealer Survey No.57Vill: Chikali Tal: Sagbara Dist: Narmada,21.535391,73.820471,LEV AC Charge point,3.3,3.3,1
BEE_EV_PCS_2025,IOCL,Govt.,Gujarat,Surat,Surat City,Indian Oil Dealer Survey No.65&66 Block No.52 Vill: Dhoranpardi Tal: Kamrej,21.323376,72.966522,LEV AC Charge point,3.3,3.3,1
BEE_EV_PCS_2025,IOCL,Govt.,Gujarat,Bharuch,Bharuch,Indian Oil Dealer Survey No.70 (Old S No.175/A Vill: Dadheda Tal: Jhagadia,21.64097,73.11796,LEV AC Charge point,3.3,3.3,1
BEE_EV_PCS_2025,IOCL,Govt.,Gujarat,Vadodara,Vadodara,Indian Oil Dealer Survey No.710/B Vill: Kanzat Tal: Padra Dist: Vadodara,22.107466,72.886713,LEV AC Charge point,3.3,3.3,1
BEE_EV_PCS_2025,IOCL,Govt.,Gujarat,Vadodara,Vadodara,Indian Oil Dealer Survey No.710/B Vill: Kanzat Tal: Padra Dist: Vadodara,22.107466,72.886713,Type-II AC,7.4,7.4,1
BEE_EV_PCS_2025,IOCL,Govt.,Gujarat,Surat,Surat City,Indian Oil Dealer Survey No.978-979B. No 926 Variav- Surat City,21.270757,21.270757,LEV AC Charge point,3.3,3.3,1
BEE_EV_PCS_2025,IOCL,Govt.,Gujarat,Panch Mahals,Panch Mahal,Indian Oil Dealer Survey. No.44/16 P-41 Vill: Vavdi(Buzarg)Tal:Godhra,22.76817,73.63887,Type-II AC,7.4,7.4,1
BEE_EV_PCS_2025,IOCL,Govt.,Gujarat,Panch Mahals,Panch Mahal,Indian Oil Dealer Survey/Block No. 325 Paiki 8 Vill: Samapa Tal: Godhra,22.85031,73.685546,Type-II AC,7.4,7.4,1
BEE_EV_PCS_2025,IOCL,Govt.,Gujarat,Surat,Surat City,Indian Oil Dealer Survey/Block No. 378/B Rs No.288/1 Vill: Gothantaluka-Olpad Dist:Sur,21.285879,72.869938,LEV AC Charge point,3.3,3.3,1
BEE_EV_PCS_2025,IOCL,Govt.,Gujarat,Vadodara,Vadodara,Indian Oil Dealer Survey/Block No.1027 Vill: Kandari Tal: Karjan Dist: Vadodara,22.07431,73.148544,LEV AC Charge point,3.3,3.3,1
BEE_EV_PCS_2025,IOCL,Govt.,Gujarat,Panch Mahals,Panch Mahal,Indian Oil Dealer Survey/Block No.110Tal:Godhra Vill: Karsanadist: Panchmahal,22.85854,73.537521,Type-II AC,7.4,7.4,1
BEE_EV_PCS_2025,IOCL,Govt.,Gujarat,Dahod,Dahod,Indian Oil Dealer Survey/Block No.16/K/P1/P2 Vill: Singwad Tal: Singwad,22.959176,73.960097,LEV AC Charge point,3.3,3.3,1
BEE_EV_PCS_2025,IOCL,Govt.,Gujarat,Bharuch,Bharuch,Indian Oil Dealer Survey/Block No.17&18 Vill: Nahier Tal: Amod,21.9942,72.8693,LEV AC Charge point,3.3,3.3,1
BEE_EV_PCS_2025,IOCL,Govt.,Gujarat,Bharuch,Bharuch,Indian Oil Dealer Survey/Block No.17&18 Vill: Nahier Tal: Amod,21.9942,72.8693,Type-II AC,7.4,7.4,1
BEE_EV_PCS_2025,IOCL,Govt.,Gujarat,Mahisagar,Mahisagar,Indian Oil Dealer Survey/Block No.2-1-1 P Vill: Felsani Tal: Balasinor,23.017257,73.323505,LEV AC Charge point,3.3,3.3,1
BEE_EV_PCS_2025,IOCL,Govt.,Gujarat,Surat,Surat City,Indian Oil Dealer Survey/Block No.385 Vill: Kosmada Tal: Kamrej,21.21346,72.92329,Type-II AC,7.4,7.4,1
BEE_EV_PCS_2025,IOCL,Govt.,Gujarat,Valsad,Valsad,Indian Oil Dealer Survey/Block No.459/1 Vill: Moti Dholdungri,20.576749,73.194221,Type-II AC,7.4,7.4,1
BEE_EV_PCS_2025,IOCL,Govt.,Gujarat,Bharuch,Bharuch,Indian Oil Dealer Survey/Block No.50P/2 Vill: Rahadp Tal: Bharuch Dist: Bharuch,21.736524,72.995962,LEV AC Charge point,3.3,3.3,1
BEE_EV_PCS_2025,IOCL,Govt.,Gujarat,Bharuch,Bharuch,Indian Oil Dealer Survey/Block No.589 Vill: Jambusar Tal: Jambusar,22.054877,72.777879,LEV AC Charge point,3.3,3.3,1
BEE_EV_PCS_2025,IOCL,Govt.,Gujarat,Navsari,Navsari,Indian Oil Dealer Survey/Block No.812/1 Vill: Bhinar Tal:Chikhli,20.800025,73.337911,Type-II AC,7.4,7.4,1
BEE_EV_PCS_2025,IOCL,Govt.,Gujarat,Surat,Surat City,Indian Oil Dealer Surveyno44/1/2Block No.70/1/2 Vill: Mahuva Tal: Mahuva,21.02288,73.13371,LEV AC Charge point,3.3,3.3,1
BEE_EV_PCS_2025,IOCL,Govt.,Gujarat,Vadodara,Vadodara,Indian Oil Dealer Tp No.4/Fp No.5 Ajwa Road Baroda Vadodara City,22.3025,73.2266,CCS-II,30.0,30,1
BEE_EV_PCS_2025,IOCL,Govt.,Gujarat,Ahmedabad,Ahmedabad,Indian Oil Dealer Usmanpura Ahmedabad.,23.048155,72.570787,CCS-II,60.0,60,1
BEE_EV_PCS_2025,IOCL,Govt.,Gujarat,Mahesana,Mehsana,Indian Oil Dealer Vijapur Dist.Mehsana. 130 Km,23.553772,72.73924,Type-II AC,7.4,7.4,1
BEE_EV_PCS_2025,IOCL,Govt.,Gujarat,Vadodara,Vadodara,Indian Oil Dealer Vill: Dabhasha Tal: Padra Dist: Vadodara,22.240452,73.026786,LEV AC Charge point,3.3,3.3,1
BEE_EV_PCS_2025,IOCL,Govt.,Gujarat,Vadodara,Vadodara,Indian Oil Dealer Vill: Dabhasha Tal: Padra Dist: Vadodara,22.240452,73.026786,Type-II AC,7.4,7.4,1
BEE_EV_PCS_2025,IOCL,Govt.,Gujarat,Navsari,Navsari,Indian Oil Dealer Vill: Khaparia Sur/Block No.44848 Tal: Gandevi Dist: Navsari,20.860329,73.056638,Type-II AC,7.4,7.4,1
BEE_EV_PCS_2025,IOCL,Govt.,Gujarat,Navsari,Navsari,Indian Oil Dealer Vill: Mindhabari Tal: Vansda Dist: Navsari,20.739408,73.335222,LEV AC Charge point,3.3,3.3,1
BEE_EV_PCS_2025,IOCL,Govt.,Gujarat,Amreli,Amreli,Indian Oil Dealer Village Ingorala Taluka Khambadistt.Amreli,21.2277,71.2022,LEV AC Charge point,3.3,3.3,1
BEE_EV_PCS_2025,IOCL,Govt.,Gujarat,Kachchh,Kutch,Indian Oil Dealer Village Palasav Taluka Rapar,23.479692,70.92886,LEV AC Charge point,3.3,3.3,1
BEE_EV_PCS_2025,IOCL,Govt.,Gujarat,Kachchh,Kutch,Indian Oil Dealer Village Samaghoga Taluka Mundra,22.8576,69.6868,LEV AC Charge point,3.3,3.3,1
BEE_EV_PCS_2025,IOCL,Govt.,Gujarat,Porbandar,Porbander,Indian Oil Dealer Village: Madhavpur Taluka: Porbandar,21.256312,69.98235,LEV AC Charge point,3.3,3.3,1
BEE_EV_PCS_2025,IOCL,Govt.,Gujarat,Junagadh,Junagadh,Indian Oil Dealer Village: Shil Taluka: Mangrol,21.181131,70.053347,LEV AC Charge point,3.3,3.3,1
BEE_EV_PCS_2025,IOCL,Govt.,Gujarat,Rajkot,Rajkot,Indian Oil Dealer Village: Srinathgadh Taluka: Gondal,21.861434,70.912509,LEV AC Charge point,3.3,3.3,1
BEE_EV_PCS_2025,IOCL,Govt.,Gujarat,Jamnagar,Jamnagar,Indian Oil Dealer Village: Vankiya Taluka: Dhrol,22.554765,70.384929,LEV AC Charge point,3.3,3.3,1
BEE_EV_PCS_2025,IOCL,Govt.,Gujarat,Devbhumi Dwarka,Devbhumi Dwarka,Indian Oil Dealer Village-Gadka Taluka-Kalyanpur Dist-Devbhumi Dwarka,22.106884,69.416519,LEV AC Charge point,3.3,3.3,1
BEE_EV_PCS_2025,IOCL,Govt.,Gujarat,Junagadh,Junagadh,Indian Oil Dealer Village-Ranpur Taluka-Bhesan Dist-Junagadh,21.573537,70.663483,LEV AC Charge point,3.3,3.3,1
BEE_EV_PCS_2025,IOCL,Govt.,Gujarat,Bhavnagar,Bhavnagar,Indian Oil Dealer Village-Talaja Ta-Talaja Dist-Bhavnagar State-Gujarat,21.343737,72.038834,LEV AC Charge point,3.3,3.3,1
BEE_EV_PCS_2025,IOCL,Govt.,Gujarat,Rajkot,Rajkot,Indian Oil Dealer Vill-Modhuka Ta-Vinchiya Dist-Rajkot,22.104155,71.417809,LEV AC Charge point,3.3,3.3,1
BEE_EV_PCS_2025,IOCL,Govt.,Gujarat,Vadodara,Vadodara,"Indian Oil Dealer Vip Road Vadodara City ""Vadodara City""",22.3175,73.2285,LEV AC Charge point,3.3,3.3,1
BEE_EV_PCS_2025,IOCL,Govt.,Gujarat,Sabar Kantha,Sabar Kantha,Indian Oil Dealerambavadi Mahavirnagar At Po Tal Himatnagar Dist Sabarkantha Gujrat,23.5976,72.9679,LEV AC Charge point,3.3,3.3,1
BEE_EV_PCS_2025,IOCL,Govt.,Gujarat,Banas Kantha,Banas Kantha,Indian Oil Dealers Dantiwada-Panthwada Road At. Dantiwadadist.Banaskantha,24.343549,72.326889,LEV AC Charge point,3.3,3.3,1
BEE_EV_PCS_2025,IOCL,Govt.,Gujarat,Banas Kantha,Banas Kantha,Indian Oil Dealers Dhanera Banaskantha,24.5007,72.0317,Type-II AC,7.4,7.4,1
BEE_EV_PCS_2025,IOCL,Govt.,Gujarat,Surendranagar,Surendranagar,Indian Oil Dealers Survey No. 1176 Village-Ravaliyavad Taluka-Dhranga Dist-Surendranagar,22.828691,71.381155,LEV AC Charge point,3.3,3.3,1
BEE_EV_PCS_2025,IOCL,Govt.,Gujarat,Surendranagar,Surendranagar,Indian Oil Dealr Survey No. 173Village Naviyani Taluka Dasada,23.486216,71.986645,LEV AC Charge point,3.3,3.3,1
BEE_EV_PCS_2025,IOCL,Govt.,Gujarat,Banas Kantha,Banas Kantha,Indian Oil Petrol Pump Iqbalgarh Taluk Amirgadh Dist-Banaskanta,24.3442,72.5461,CCS-II,30.0,30,1
BEE_EV_PCS_2025,IOCL,Govt.,Gujarat,Jamnagar,Jamnagar,Indian Oil Petrol Pump Survey No. 23 Village Shishang,22.2154,70.4695,LEV AC Charge point,3.3,3.3,1
BEE_EV_PCS_2025,IOCL,Govt.,Gujarat,Mahisagar,Mahisagar,Indianoil Dealer R.S.No. 38/1 Vill: Khantana Bhesav Taluka: Lunawada Dist: Mahisagar,23.151057,73.55801,LEV AC Charge point,3.3,3.3,1
BEE_EV_PCS_2025,IOCL,Govt.,Gujarat,Navsari,Navsari,Indianoil Dealer Survey / Block No.7672 Vill: Gada Tal: Gandevi Dist: Navsari,20.852636,72.9895,LEV AC Charge point,3.3,3.3,1
BEE_EV_PCS_2025,IOCL,Govt.,Gujarat,Surat,Surat City,Indianoil Dealer Survey No. 198/B Vill: Dinod Tal: Mangrol Dist: Surat,21.512376,73.056175,LEV AC Charge point,3.3,3.3,1
BEE_EV_PCS_2025,IOCL,Govt.,Gujarat,Surendranagar,Surendranagar,Indianoil Dealer Village-Kankavati Taluka-Dhrangadhra,23.067013,71.359918,LEV AC Charge point,3.3,3.3,1
BEE_EV_PCS_2025,IOCL,Govt.,Gujarat,Amreli,Amreli,Indianoil Dealer Vill-Chital Ta-Amreli Dist-Amreli,21.731998,71.20787,LEV AC Charge point,3.3,3.3,1
BEE_EV_PCS_2025,IOCL,Govt.,Gujarat,Ahmedabad,Ahmedabad,Ioc Dealer C.G. Road Near Panchwati Ahmedabad-380006.,23.0258,72.5568,CCS-II,60.0,60,1
BEE_EV_PCS_2025,IOCL,Govt.,Gujarat,Surat,Surat City,Ioc Dealer Amboli Surat.,21.3018,72.9535,CCS-II,30.0,30,1
BEE_EV_PCS_2025,IOCL,Govt.,Gujarat,Panch Mahals,Panch Mahal,Ioc Dealer Baska Taluka Halol District: Panchmahals,22.4635,73.442,CCS-II,30.0,30,1
BEE_EV_PCS_2025,IOCL,Govt.,Gujarat,Valsad,Valsad,Ioc Dealer Dist Valsadgujarat. 1100512013,20.6048,72.93,LEV AC Charge point,3.3,3.3,1
BEE_EV_PCS_2025,IOCL,Govt.,Gujarat,Valsad,Valsad,Ioc Dealers Dharampur Dist. Bulsar,20.5373,73.1699,Type-II AC,7.4,7.4,1
BEE_EV_PCS_2025,IOCL,Govt.,Gujarat,Valsad,Valsad,Ioc Dealers Dungri Dungri,20.6822,72.9608,Type-II AC,7.4,7.4,1
BEE_EV_PCS_2025,IOCL,Govt.,Gujarat,Bharuch,Bharuch,Ioc Dealers Jhagadia Bharuch,21.6998,73.1291,CCS-II,30.0,30,1
BEE_EV_PCS_2025,IOCL,Govt.,Gujarat,Rajkot,Rajkot,Iocl Dealer Bhavnagar Road Rajkot Indian Oil De Chunarawad Chowk Rajkot,22.294422,70.820417,CCS-II,60.0,60,1
BEE_EV_PCS_2025,IOCL,Govt.,Gujarat,Jamnagar,Jamnagar,Iocl Dealer Jamnagar-Lalpur Road Sh-27 Taluka-Lalpur Dist-Jamnagar,22.200416,69.966844,LEV AC Charge point,3.3,3.3,1
BEE_EV_PCS_2025,IOCL,Govt.,Gujarat,Kachchh,Kutch,Iocl Dealer Survey No.172 & 182/1 Sh-42 Near Sapeda Village Tal: Anjar Distt: Kutch,23.1461,69.9804,CCS-II,60.0,60,1
BEE_EV_PCS_2025,IOCL,Govt.,Gujarat,Porbandar,Porbander,Iocl Dealer Survey No.520 Nh-8B Ranakandorna Porbandar,21.6497,69.8776,LEV AC Charge point,3.3,3.3,1
BEE_EV_PCS_2025,IOCL,Govt.,Gujarat,Surendranagar,Surendranagar,Iocl Dealer Village-Bavali Taluka-Dhrangadhra Dist-Surendranagar,22.909885,71.426226,LEV AC Charge point,3.3,3.3,1
BEE_EV_PCS_2025,IOCL,Govt.,Gujarat,Porbandar,Porbander,Iocl Dealer Village-Bhalpara Taluka-Patan Vera Dist-Gir Somnath,20.912136,70.396568,LEV AC Charge point,3.3,3.3,1
BEE_EV_PCS_2025,IOCL,Govt.,Gujarat,Rajkot,Rajkot,Iocl Dealer Village-Jasdan Taluka-Jasdan Dist-Rajkot,22.053576,71.21494,LEV AC Charge point,3.3,3.3,1
BEE_EV_PCS_2025,IOCL,Govt.,Gujarat,Morbi,Morbi,Iocl Dealer Village-Juna Nagdawas Taluka-Morbi Dist-Morbi,22.9937,70.8181,Type-II AC,7.4,7.4,1
BEE_EV_PCS_2025,IOCL,Govt.,Gujarat,Junagadh,Junagadh,Iocl Dealer Village-Menderda Ta-Menderda Dist-Junagadh,21.332131,70.461885,LEV AC Charge point,3.3,3.3,1
BEE_EV_PCS_2025,IOCL,Govt.,Gujarat,Amreli,Amreli,Iocl Dealer Village-Mota Zinzuda Taluka-Savark Dist-Amreli,21.326297,71.373063,LEV AC Charge point,3.3,3.3,1
BEE_EV_PCS_2025,IOCL,Govt.,Gujarat,Kachchh,Kutch,Iocl Dealer Village-Netra Taluka-Nakhatrana Dist-Kutch,21.123456,71.123456,LEV AC Charge point,3.3,3.3,1
BEE_EV_PCS_2025,IOCL,Govt.,Gujarat,Morbi,Morbi,Iocl Dealer Village-Tankara Taluka-Tankara Dist-Morbi,22.679484,70.755821,LEV AC Charge point,3.3,3.3,1
BEE_EV_PCS_2025,IOCL,Govt.,Gujarat,Bhavnagar,Bhavnagar,Iocl Dealer Village-Timana Taluka-Talaja Dist-Bhavnagar,21.427765,71.995817,LEV AC Charge point,3.3,3.3,1
BEE_EV_PCS_2025,IOCL,Govt.,Gujarat,Surendranagar,Surendranagar,Iocl Dealer Village-Tokrala Taluka-Limbdi Dist-Surendranagar,22.574051,71.963485,LEV AC Charge point,3.3,3.3,1
BEE_EV_PCS_2025,IOCL,Govt.,Gujarat,Rajkot,Rajkot,Iocl Dealer Vill-Bhadla Tal-Jasdan,22.187435,71.029422,LEV AC Charge point,3.3,3.3,1
BEE_EV_PCS_2025,IOCL,Govt.,Gujarat,Surendranagar,Surendranagar,Iocl Dealer Vill-Chachana Tal-Chuda,22.456009,71.898325,Type-II AC,7.4,7.4,1
BEE_EV_PCS_2025,IOCL,Govt.,Gujarat,Surendranagar,Surendranagar,Iocl Dealer Vill-Chuda Tal-Chuda,22.482153,71.679867,LEV AC Charge point,3.3,3.3,1
BEE_EV_PCS_2025,IOCL,Govt.,Gujarat,Surendranagar,Surendranagar,Iocl Dealer Vill-Fulgram Tal-Wadhwan,22.542095,71.53091,LEV AC Charge point,3.3,3.3,1
BEE_EV_PCS_2025,IOCL,Govt.,Gujarat,Bhavnagar,Bhavnagar,Iocl Dealer Vill-Gariyadhar Tal-Gariyadhar,21.545856,71.560544,LEV AC Charge point,3.3,3.3,1
BEE_EV_PCS_2025,IOCL,Govt.,Gujarat,Rajkot,Rajkot,Iocl Dealer Vill-Kotdasangani Tal-Kotdasangani,22.060949,70.875659,Type-II AC,7.4,7.4,1
BEE_EV_PCS_2025,IOCL,Govt.,Gujarat,Surendranagar,Surendranagar,Iocl Dealer Vill-Maghrikhada Tal-Chotila,22.46192,71.259793,Type-II AC,7.4,7.4,1
BEE_EV_PCS_2025,IOCL,Govt.,Gujarat,Morbi,Morbi,Iocl Dealer Vill-Mitana Tal-Tankara,22.54296,70.749109,LEV AC Charge point,3.3,3.3,1
BEE_EV_PCS_2025,IOCL,Govt.,Gujarat,Bhavnagar,Bhavnagar,Iocl Dealer Vill-Panchtobra Tal-Gariyadhar,21.588988,71.573836,LEV AC Charge point,3.3,3.3,1
BEE_EV_PCS_2025,IOCL,Govt.,Gujarat,Morbi,Morbi,Iocl Dealer Vill-Pipali Tal-Morbi,22.8654,70.8684,LEV AC Charge point,3.3,3.3,1
BEE_EV_PCS_2025,IOCL,Govt.,Gujarat,Kachchh,Kutch,Iocl Dealer Vill-Rapar Tal-Rapar,23.577885,70.630305,Type-II AC,7.4,7.4,1
BEE_EV_PCS_2025,IOCL,Govt.,Gujarat,Surendranagar,Surendranagar,Iocl Dealer Vill-Shekhpar Tal-Muli,22.705158,71.575503,Type-II AC,7.4,7.4,1
BEE_EV_PCS_2025,IOCL,Govt.,Gujarat,Kachchh,Kutch,Iocl Dealer Vill-Shinay Tal-Gandhidham,23.020538,70.051548,Type-II AC,7.4,7.4,1
BEE_EV_PCS_2025,IOCL,Govt.,Gujarat,Morbi,Morbi,Iocl Dealer Vill-Tankara Tal-Tankara,22.65784,70.74568,LEV AC Charge point,3.3,3.3,1
BEE_EV_PCS_2025,IOCL,Govt.,Gujarat,Rajkot,Rajkot,Iocl Dealer Vill-Upleta Tal-Upleta,21.767258,70.25937,Type-II AC,7.4,7.4,1
BEE_EV_PCS_2025,IOCL,Govt.,Gujarat,Ahmedabad,Ahmedabad,Jay Ashvinbhai Brahmbhatt Near Anjali Cross Roads Vasna Ahmedabad,23.004956,72.552922,CCS-II,60.0,60,1
BEE_EV_PCS_2025,IOCL,Govt.,Gujarat,Devbhumi Dwarka,Devbhumi Dwarka,Jeet Arajanbhai Keshariya Proprieto Porbandar Road At Bhadthar Dist Devbhumi Dwarka,22.0774,69.5712,LEV AC Charge point,3.3,3.3,1
BEE_EV_PCS_2025,IOCL,Govt.,Gujarat,Gir Somnath,Gir Somnath,Junagadh Road Veraval Indian Oil Dealer District Junagadh,20.9217,70.3568,LEV AC Charge point,3.3,3.3,1
BEE_EV_PCS_2025,IOCL,Govt.,Gujarat,Gandhinagar,Gandhi Nagar,Kadjodra Village - Kadjodra Taluka - Dehga Dist. - Gandhinagar,23.187137,72.947181,LEV AC Charge point,3.3,3.3,1
BEE_EV_PCS_2025,IOCL,Govt.,Gujarat,Anand,Anand,Kanwada-Dugari Road At. Khada Tal. Tarapur Dist. Anand,22.552315,72.494264,LEV AC Charge point,3.3,3.3,1
BEE_EV_PCS_2025,IOCL,Govt.,Gujarat,Banas Kantha,Banas Kantha,Katarva Village - Katarva Taluka - Lakhni Dist- Banas Kantha,24.285565,71.947726,LEV AC Charge point,3.3,3.3,1
BEE_EV_PCS_2025,IOCL,Govt.,Gujarat,Botad,Botad,Kisan Seva Kendra At:Khopala Via Dhola Junction Taluka: Gadhada (Swami),21.9158,71.6712,LEV AC Charge point,3.3,3.3,1
BEE_EV_PCS_2025,IOCL,Govt.,Gujarat,Kachchh,Kutch,Kothara Village Kothara Opp.Police Station Taluka Abdasakutch 370645,23.1319,68.9407,LEV AC Charge point,3.3,3.3,1
BEE_EV_PCS_2025,IOCL,Govt.,Gujarat,Rajkot,Rajkot,Kotharia Opp Tb Hospital Nh8B Indian Oil Dealer District Rajkot,22.2081,70.8014,CCS-II,60.0,60,1
BEE_EV_PCS_2025,IOCL,Govt.,Gujarat,Banas Kantha,Banas Kantha,Kumbharia Gam At. Ambaji Tal-Danta Dist. Banaskantha Dist. Banaskantha,24.3297,72.8679,LEV AC Charge point,3.3,3.3,1
BEE_EV_PCS_2025,IOCL,Govt.,Gujarat,Ahmedabad,Ahmedabad,M N Desai (Adhoc) At Aslali Survey No. 600/B Nh8 Aslali Ahmedabad,22.909365,72.595671,Type-II AC,7.4,7.4,1
BEE_EV_PCS_2025,IOCL,Govt.,Gujarat,Banas Kantha,Banas Kantha,Malgadh Deesa Dist. Banaskhanta,24.2577,72.1257,CCS-II,30.0,30,1
BEE_EV_PCS_2025,IOCL,Govt.,Gujarat,Ahmedabad,Ahmedabad,Moraiya Rajkot-Ahmedabad Nh8A Moraiya District Ahmedabad,22.9039,72.4235,LEV AC Charge point,3.3,3.3,1
BEE_EV_PCS_2025,IOCL,Govt.,Gujarat,Ahmedabad,Ahmedabad,Naroda Naroda Ahmedabad,23.0829,72.6567,CCS-II,30.0,30,1
BEE_EV_PCS_2025,IOCL,Govt.,Gujarat,Sabar Kantha,Sabar Kantha,National Highway No. 8 At. Dalpur Ta Prantij Dist. Sabarkantha,23.5179,72.9349,LEV AC Charge point,3.3,3.3,1
BEE_EV_PCS_2025,IOCL,Govt.,Gujarat,Anand,Anand,National Highway No.8 Village Adas. Dist.Anand.,22.4836,73.0475,CCS-II,30.0,30,1
BEE_EV_PCS_2025,IOCL,Govt.,Gujarat,Ahmedabad,Ahmedabad,Near Bopal Junction S. P. Ring Road Ambli Ahmedabad,23.0328,72.479,LEV AC Charge point,3.3,3.3,1
BEE_EV_PCS_2025,IOCL,Govt.,Gujarat,Kheda,Kheda,Near Chetarsumbha Nr. Ashirwad Hot Dakor-Kapadwanj Highway Dist. Kheda,22.862562,73.138902,LEV AC Charge point,3.3,3.3,1
BEE_EV_PCS_2025,IOCL,Govt.,Gujarat,Banas Kantha,Banas Kantha,Near Gathaman Patiya Ahmedabad Highway Palanpur Dist. Banaskantha,24.1585,72.4116,Type-II AC,7.4,7.4,1
BEE_EV_PCS_2025,IOCL,Govt.,Gujarat,Morbi,Morbi,Near Parishram Hotel Halvad - Maliya Road Halvad Dist Surendranagar,23.0032,71.1728,LEV AC Charge point,3.3,3.3,1
BEE_EV_PCS_2025,IOCL,Govt.,Gujarat,Mahesana,Mehsana,Near Ralway Crossing Thor Road Kadi Dist.Mehsana,23.2881,72.337,LEV AC Charge point,3.3,3.3,1
BEE_EV_PCS_2025,IOCL,Govt.,Gujarat,Morbi,Morbi,Nh 8 A Trajpar Morbi Indian Oil Dealer District Rajkot,22.818351,70.862976,CCS-II,60.0,60,1
BEE_EV_PCS_2025,IOCL,Govt.,Gujarat,Surendranagar,Surendranagar,Nh 8A Limbdi-Sayla Road Village: Madhad Tal: Wadhwan District Surendranagar,22.5401,71.5389,LEV AC Charge point,3.3,3.3,1
BEE_EV_PCS_2025,IOCL,Govt.,Gujarat,Sabar Kantha,Sabar Kantha,Nh-08 At Majra Ta Prantij Distt. Sabarkantha. Gujarat.,23.3664,72.8002,LEV AC Charge point,3.3,3.3,1
BEE_EV_PCS_2025,IOCL,Govt.,Gujarat,Bhavnagar,Bhavnagar,Nr Talaja Octroi Toll Naka Indian Oil Dealer Adhewada Bhavnagar,21.742238,72.150044,LEV AC Charge point,3.3,3.3,1
BEE_EV_PCS_2025,IOCL,Govt.,Gujarat,Anand,Anand,Nr. Akhand Anand Society Nesraya Chokdi Borasad- Bhadran Rdborsaddist.Anand,22.4047,72.9054,LEV AC Charge point,3.3,3.3,1
BEE_EV_PCS_2025,IOCL,Govt.,Gujarat,Ahmedabad,Ahmedabad,Nr. Hanon System Gujarat Opp. Coper Standard Auto. Pvt. Bol Indl.Estate Gidc2 Sanand,23.00011,72.280396,LEV AC Charge point,3.3,3.3,1
BEE_EV_PCS_2025,IOCL,Govt.,Gujarat,Ahmedabad,Ahmedabad,Nr. Kameshwar Temple Ankur Char Rasta Ahmedabad -,23.0575,72.5563,Type-II AC,7.4,7.4,1
BEE_EV_PCS_2025,IOCL,Govt.,Gujarat,Gandhinagar,Gandhi Nagar,Nr. Mkt Yard Ahmedabad-Modasa Rd. Tal: Dehgam Dist: Gandhinagar,23.2545,72.9034,Type-II AC,7.4,7.4,1
BEE_EV_PCS_2025,IOCL,Govt.,Gujarat,Patan,Patan,Nr.Fatipal Darwajaworld Heritage R At. Samalpatital. Patan Dist. Patan,23.856,72.1136,Type-II AC,7.4,7.4,1
BEE_EV_PCS_2025,IOCL,Govt.,Gujarat,Ahmedabad,Ahmedabad,Off Nh -8A Village : Bavla At Bavla Sanand-Bavla Sh Dist. Ahmedabad,22.8395,72.3663,Type-II AC,7.4,7.4,1
BEE_EV_PCS_2025,IOCL,Govt.,Gujarat,Ahmedabad,Ahmedabad,On Dholka-Kheda State Highway Village : Dholka Tal. Dholka Dist. Ahmedabad,22.718827,72.440002,LEV AC Charge point,3.3,3.3,1
BEE_EV_PCS_2025,IOCL,Govt.,Gujarat,Kheda,Kheda,On Narsanda Vadtal Road Village : Narsanda Tal. Nadiad Dist. Kheda,22.58939,72.877549,Type-II AC,7.4,7.4,1
BEE_EV_PCS_2025,IOCL,Govt.,Gujarat,Ahmedabad,Ahmedabad,Opp. Indane Bottling Plant Sanand-Viramgam Road Vadnagar Sanand Dist. A'Bad,23.0042,72.3509,CCS-II,60.0,60,1
BEE_EV_PCS_2025,IOCL,Govt.,Gujarat,Banas Kantha,Banas Kantha,Palanpur Highway Danta Dist:Banaskantha,24.1844,72.7575,Type-II AC,7.4,7.4,1
BEE_EV_PCS_2025,IOCL,Govt.,Gujarat,Ahmedabad,Ahmedabad,Paldi Ahmedabad Dist. Ahmedabad,23.0121,72.5621,CCS-II,60.0,60,1
BEE_EV_PCS_2025,IOCL,Govt.,Gujarat,Sabar Kantha,Sabar Kantha,Panpur To Ilol Road Near Main Cana State Highway Tal. H'Nagar Dist. Sabarkantha,23.641,72.9199,LEV AC Charge point,3.3,3.3,1
BEE_EV_PCS_2025,IOCL,Govt.,Gujarat,Anand,Anand,Petlad Cambay Road Opp.Mangalam Park Petlad-388450.,22.47,72.8049,LEV AC Charge point,3.3,3.3,1
BEE_EV_PCS_2025,IOCL,Govt.,Gujarat,Kachchh,Kutch,Plot No. 12 Ward -1B Rampath Road Adipur - 370 205 Distt Kutch,23.07164,70.069127,Type-II AC,7.4,7.4,1
BEE_EV_PCS_2025,IOCL,Govt.,Gujarat,Gandhinagar,Gandhi Nagar,Plot No. 1650 Sector 6 Gandhi Ngr Gandhinagar Dist. Gandhinagar,23.2095,72.6358,CCS-II,60.0,60,1
BEE_EV_PCS_2025,IOCL,Govt.,Gujarat,Kachchh,Kutch,Plot No.43 Ward No.1-B Village-Adipur Taluka-Kutch,23.071529,70.071509,Type-II AC,7.4,7.4,1
BEE_EV_PCS_2025,IOCL,Govt.,Gujarat,Gandhinagar,Gandhi Nagar,Por Village : Por Taluka : Gandhi Nag Dist.: Gandhi Nagar,23.163649,72.592655,LEV AC Charge point,3.3,3.3,1
BEE_EV_PCS_2025,IOCL,Govt.,Gujarat,Ahmedabad,Ahmedabad,Post Changodar Tal-Sanand Ahmedabad,22.927764,72.445922,LEV AC Charge point,3.3,3.3,1
BEE_EV_PCS_2025,IOCL,Govt.,Gujarat,Ahmedabad,Ahmedabad,R.S.No 462 Bagodra Dhaduk Fedra State Highway No.1 Dhanduka District : Ahmedabad,22.4651,72.1591,Type-II AC,7.4,7.4,1
BEE_EV_PCS_2025,IOCL,Govt.,Gujarat,Ahmedabad,Ahmedabad,R.S.No248/Paiki Mouje Sari Ahmedabad-Rajkot Nh8 Tal:Sanand Ahmedabad,22.869694,72.393229,LEV AC Charge point,3.3,3.3,1
BEE_EV_PCS_2025,IOCL,Govt.,Gujarat,Banas Kantha,Banas Kantha,Rah-Jetada Road At. Madal Tal. Lakhani Dist. Banasknatha,24.4375,71.8353,LEV AC Charge point,3.3,3.3,1
BEE_EV_PCS_2025,IOCL,Govt.,Gujarat,Ahmedabad,Ahmedabad,Rakhiyal Ahmedabad Ahmedabad,23.0109,72.6186,CCS-II,60.0,60,1
BEE_EV_PCS_2025,IOCL,Govt.,Gujarat,Mahisagar,Mahisagar,Revenue Survey/Block No.12 Vill: Lalsar Tal: Lunawada Dist: Mahisagar,23.130821,73.426755,Type-II AC,7.4,7.4,1
BEE_EV_PCS_2025,IOCL,Govt.,Gujarat,Vadodara,Vadodara,Revenue Survey/Block No.438 Vill: Tundav Tal: Savli Dist: Vadodara,22.490517,73.19888,Type-II AC,7.4,7.4,1
BEE_EV_PCS_2025,IOCL,Govt.,Gujarat,Surat,Surat City,Rs No. 672/2 686 & 687 Vill: Ichhapore Dist. Surat Heavy Ww Township Ichhapore Chory,21.1877,72.7121,CCS-II,30.0,30,1
BEE_EV_PCS_2025,IOCL,Govt.,Gujarat,Gandhinagar,Gandhi Nagar,Rupal - Sardhav Road Village : Rupal Tal. & Dist. Gandhinagar,23.1833,72.3521,LEV AC Charge point,3.3,3.3,1
BEE_EV_PCS_2025,IOCL,Govt.,Gujarat,Bharuch,Bharuch,Sahakari Bhandar Ltd. Survey No. C/5/12 Gidc Ankleshwar Dist: Bharuch,21.619586,73.002819,LEV AC Charge point,3.3,3.3,1
BEE_EV_PCS_2025,IOCL,Govt.,Gujarat,Ahmedabad,Ahmedabad,Satellite Road Ahmedabad Dist. Ahmedabad,23.0195,72.5298,CCS-II,60.0,60,1
BEE_EV_PCS_2025,IOCL,Govt.,Gujarat,Ahmedabad,Ahmedabad,Sg Highway Gota Tal-Daskori Dist:Ahmedabad,23.094982,72.53014,Type-II AC,7.4,7.4,1
BEE_EV_PCS_2025,IOCL,Govt.,Gujarat,Rajkot,Rajkot,Sh25 Taluka - Padadhari Indian Oil Dealer District Rajkot,22.3659,70.6992,CCS-II,60.0,60,1
BEE_EV_PCS_2025,IOCL,Govt.,Gujarat,Kachchh,Kutch,Sh42 Bhid Bazar M.J.Chambers Indian Oil Dealer Dist:Kutch,23.252021,69.696801,Type-II AC,7.4,7.4,1
BEE_EV_PCS_2025,IOCL,Govt.,Gujarat,Gir Somnath,Gir Somnath,Sonaria Verawal Una Highway Tal. Verawal Dist Junagadh,20.8981,70.4397,Type-II AC,7.4,7.4,1
BEE_EV_PCS_2025,IOCL,Govt.,Gujarat,Ahmedabad,Ahmedabad,Sub Thath Dilipbhai Gafulbhai Hmedabad Rajkot Highway At. Moraiya Dist. Ahmedabad,22.91,72.4307,CCS-II,60.0,60,1
BEE_EV_PCS_2025,IOCL,Govt.,Gujarat,Valsad,Valsad,Survey No.944 Km Stone 319-321 Nh-8 Village Waghadhara Taluka Valsad,20.7122,73.0049,Type-II AC,7.4,7.4,1
BEE_EV_PCS_2025,IOCL,Govt.,Gujarat,Devbhumi Dwarka,Devbhumi Dwarka,Survey No 1969 Vill-Lamba Tal-Kalyanpur,21.914606,69.305882,LEV AC Charge point,3.3,3.3,1
BEE_EV_PCS_2025,IOCL,Govt.,Gujarat,Surendranagar,Surendranagar,Survey No 874 Paiki 2 Vill-Adariyana Tal-Patdi,23.418842,71.712825,LEV AC Charge point,3.3,3.3,1
BEE_EV_PCS_2025,IOCL,Govt.,Gujarat,Kachchh,Kutch,Survey No 974/1 Nr. Manav Dharm Prasar Ashram Sh 51 Tal Rapar Kachchh,23.5551,70.6451,LEV AC Charge point,3.3,3.3,1
BEE_EV_PCS_2025,IOCL,Govt.,Gujarat,Ahmedabad,Ahmedabad,Survey No. 107 Memnagar Ahmedabad Dist. Ahmedabad,23.0461,72.5388,CCS-II,60.0,60,1
BEE_EV_PCS_2025,IOCL,Govt.,Gujarat,Surendranagar,Surendranagar,Survey No. 109 Vill-Zezari Tal-Dasada,22.745642,71.23564,LEV AC Charge point,3.3,3.3,1
BEE_EV_PCS_2025,IOCL,Govt.,Gujarat,Bhavnagar,Bhavnagar,Survey No. 109/1 P3/P1 Vill-Palitana Tal-Palitana,21.533064,71.818156,LEV AC Charge point,3.3,3.3,1
BEE_EV_PCS_2025,IOCL,Govt.,Gujarat,Ahmedabad,Ahmedabad,Survey No. 113/1 Jagatpur - Chenpur Road Chenpur Dist. Ahmedabad,23.104972,72.554525,CCS-II,60.0,60,1
BEE_EV_PCS_2025,IOCL,Govt.,Gujarat,Bharuch,Bharuch,Survey No. 136/1136/2&136/3 Plot No. 34 35 & 36 Village: Sherpura Dahej Bypas,21.711451,72.970932,LEV AC Charge point,3.3,3.3,1
BEE_EV_PCS_2025,IOCL,Govt.,Gujarat,Mahesana,Mehsana,Survey No. 138 & 139 Visnagar Gidc Visnagar - Kheralu Road At. Visnag Dist. Mehsana,23.707491,72.539014,Type-II AC,7.4,7.4,1
BEE_EV_PCS_2025,IOCL,Govt.,Gujarat,Morbi,Morbi,Survey No. 1402 Paiki Vill-Vajepar Tal-Morbi,22.8212,70.8255,LEV AC Charge point,3.3,3.3,1
BEE_EV_PCS_2025,IOCL,Govt.,Gujarat,Junagadh,Junagadh,Survey No. 144 Village : Dungarpur Taluka : Junagadh,21.456127,70.484283,LEV AC Charge point,3.3,3.3,1
BEE_EV_PCS_2025,IOCL,Govt.,Gujarat,Surendranagar,Surendranagar,Survey No. 17 Village : Babajipara Taluka : Lakhtar Sh 17,23.0138,71.9923,LEV AC Charge point,3.3,3.3,1
BEE_EV_PCS_2025,IOCL,Govt.,Gujarat,Kachchh,Kutch,Survey No. 187/2/Paiki 1 Vill-Paragpar Tal-Rapar,23.548521,70.731097,LEV AC Charge point,3.3,3.3,1
BEE_EV_PCS_2025,IOCL,Govt.,Gujarat,Banas Kantha,Banas Kantha,Survey No. 190 P-1/2 Village Rah Tal. Tharad Dist. Banaskantha,24.4821,71.8164,LEV AC Charge point,3.3,3.3,1
BEE_EV_PCS_2025,IOCL,Govt.,Gujarat,Ahmedabad,Ahmedabad,Survey No. 192/2 Memnagar 132 Ft.Ring Road Nr.Aec-Sola Cross Roadsahmedabad,23.0497,72.545,CCS-II,60.0,60,1
BEE_EV_PCS_2025,IOCL,Govt.,Gujarat,Surendranagar,Surendranagar,Survey No. 1941 & 1940 Indian Oil Dealer Surendranagar,22.7317,71.6436,LEV AC Charge point,3.3,3.3,1
BEE_EV_PCS_2025,IOCL,Govt.,Gujarat,Rajkot,Rajkot,Survey No. 2 Paiki 14 Vill-Anandpar Tal-Rajkot,22.4034,70.7312,LEV AC Charge point,3.3,3.3,1
BEE_EV_PCS_2025,IOCL,Govt.,Gujarat,Banas Kantha,Banas Kantha,Survey No. 201 Mouje Mumnuvas Tal. Vadgam Distt. Banaskantha,24.1451,72.657,LEV AC Charge point,3.3,3.3,1
BEE_EV_PCS_2025,IOCL,Govt.,Gujarat,Surendranagar,Surendranagar,Survey No. 2017/P2/P1 Vill-Muli Tal-Muli,22.6278,71.4598,LEV AC Charge point,3.3,3.3,1
BEE_EV_PCS_2025,IOCL,Govt.,Gujarat,Kheda,Kheda,Survey No. 203 National Highway No Ahmedabad- Balasinor Road At. Khad Godhra Dist. Kheda,22.9367,73.2538,LEV AC Charge point,3.3,3.3,1
BEE_EV_PCS_2025,IOCL,Govt.,Gujarat,Rajkot,Rajkot,Survey No. 219 Vill-Ardoi Tal-Kotdasangani,22.075,70.8286,LEV AC Charge point,3.3,3.3,1
BEE_EV_PCS_2025,IOCL,Govt.,Gujarat,Surendranagar,Surendranagar,Survey No. 2252 Village : Pansina Taluka: Limbi,22.5706,71.989,LEV AC Charge point,3.3,3.3,1
BEE_EV_PCS_2025,IOCL,Govt.,Gujarat,Bhavnagar,Bhavnagar,Survey No. 25 Paiki 3 Vill-Thadach Tal-Palitana,21.4121,71.9329,LEV AC Charge point,3.3,3.3,1
BEE_EV_PCS_2025,IOCL,Govt.,Gujarat,Kachchh,Kutch,Survey No. 2543 To 2551 Vill-Bhachau Tal-Bhachau,23.300038,70.343177,LEV AC Charge point,3.3,3.3,1
BEE_EV_PCS_2025,IOCL,Govt.,Gujarat,Mahesana,Mehsana,Survey No. 28(P) Modhera Village-Nagalpur Taluka District Mehsana,23.5943,72.3663,Type-II AC,7.4,7.4,1
BEE_EV_PCS_2025,IOCL,Govt.,Gujarat,Gir Somnath,Gir Somnath,Survey No. 303/1/P3/P1 Vill-Ajotha Tal-Veraval,22.44444,72.33333,LEV AC Charge point,3.3,3.3,1
BEE_EV_PCS_2025,IOCL,Govt.,Gujarat,Amreli,Amreli,Survey No. 350/1E/P2 Vill-Chamardi Tal-Babra,21.8396,71.22761,LEV AC Charge point,3.3,3.3,1
BEE_EV_PCS_2025,IOCL,Govt.,Gujarat,Kachchh,Kutch,Survey No. 370/2/Paiki 4 Vill-Mandvi Tal-Mandvi,22.834238,69.366661,LEV AC Charge point,3.3,3.3,1
BEE_EV_PCS_2025,IOCL,Govt.,Gujarat,Junagadh,Junagadh,Survey No. 384 (Old S.No.75/1) Vill-Jhalansar Tal-Junagadh,21.657377,70.444862,LEV AC Charge point,3.3,3.3,1
BEE_EV_PCS_2025,IOCL,Govt.,Gujarat,Banas Kantha,Banas Kantha,Survey No. 39 ( Paiki-1) Mouje Jasvantgadh(Behmal) Tal. Danta Dist. Banaskantha,24.1156,72.7485,LEV AC Charge point,3.3,3.3,1
BEE_EV_PCS_2025,IOCL,Govt.,Gujarat,Surendranagar,Surendranagar,Survey No. 392/1/Paiki 1 Vill-Thangadh Tal-Thangadh,22.5767,71.1856,LEV AC Charge point,3.3,3.3,1
BEE_EV_PCS_2025,IOCL,Govt.,Gujarat,Botad,Botad,Survey No. 4 Paiki 1 Vill-Tatam Tal-Gadhada,22.05387,71.622992,LEV AC Charge point,3.3,3.3,1
BEE_EV_PCS_2025,IOCL,Govt.,Gujarat,Junagadh,Junagadh,Survey No. 400/P1/P3 Village:Bhan Taluka : Maliya Nh 8 D,22.315467,71.325647,LEV AC Charge point,3.3,3.3,1
BEE_EV_PCS_2025,IOCL,Govt.,Gujarat,Surendranagar,Surendranagar,Survey No. 42/1 Village Lakhtar Taluka: Lakhtar Taluka: Lakhtar,22.862161,71.799155,Type-II AC,7.4,7.4,1
BEE_EV_PCS_2025,IOCL,Govt.,Gujarat,Patan,Patan,Survey No. 441 Village : Mahemadpu Patan-Chanasma Highway Tal. Patan Dist. Patan,23.778087,72.124275,LEV AC Charge point,3.3,3.3,1
BEE_EV_PCS_2025,IOCL,Govt.,Gujarat,Kachchh,Kutch,Survey No. 45/2 Vill-Samaghogha Tal-Mundra,22.87569,69.691701,LEV AC Charge point,3.3,3.3,1
BEE_EV_PCS_2025,IOCL,Govt.,Gujarat,Surendranagar,Surendranagar,Survey No. 468 Vill-Shekhpar Tal-Muli,22.694,71.557,LEV AC Charge point,3.3,3.3,1
BEE_EV_PCS_2025,IOCL,Govt.,Gujarat,Amreli,Amreli,Survey No. 527 & 532 Vill-Dhari Tal-Dhari,21.327432,71.025618,LEV AC Charge point,3.3,3.3,1
BEE_EV_PCS_2025,IOCL,Govt.,Gujarat,Kachchh,Kutch,Survey No. 576/3/Paiki 2 Vill-Ramvav Tal-Rapar,23.544938,70.45657,Type-II AC,7.4,7.4,1
BEE_EV_PCS_2025,IOCL,Govt.,Gujarat,Junagadh,Junagadh,Survey No. 587/Paiki 1/Paiki 1/Paik Vill-Vadal Tal-Junagadh,21.616954,70.501876,LEV AC Charge point,3.3,3.3,1
BEE_EV_PCS_2025,IOCL,Govt.,Gujarat,Ahmedabad,Ahmedabad,Survey No. 669 At. Bagodara Nr. Toll Tex Nh-8 Tal. Bavla Dist. Ahmedabad,22.6251,72.1706,Type-II AC,7.4,7.4,1
BEE_EV_PCS_2025,IOCL,Govt.,Gujarat,Ahmedabad,Ahmedabad,Survey No. 728 Nh-8 Jetalpur Tal. Daskoi Dist. Ahmedabad,22.90118,72.594275,LEV AC Charge point,3.3,3.3,1
BEE_EV_PCS_2025,IOCL,Govt.,Gujarat,Junagadh,Junagadh,Survey No. 75/P3/P1 Vill-Vadavi Tal-Junagadh,21.556259,70.395454,LEV AC Charge point,3.3,3.3,1
BEE_EV_PCS_2025,IOCL,Govt.,Gujarat,Surendranagar,Surendranagar,Survey No. 86/20/P1/P2 Vill-Magarikhada Tal-Chotila,22.465565,71.2659,LEV AC Charge point,3.3,3.3,1
BEE_EV_PCS_2025,IOCL,Govt.,Gujarat,Jamnagar,Jamnagar,Survey No.102 Vill-Keshiya Tal-Jodiya,22.677122,70.385857,LEV AC Charge point,3.3,3.3,1
BEE_EV_PCS_2025,IOCL,Govt.,Gujarat,Morbi,Morbi,Survey No.11/1 Paiki 2 Vill-Lilapar Tal-Morbi,22.770336,70.85528,LEV AC Charge point,3.3,3.3,1
BEE_EV_PCS_2025,IOCL,Govt.,Gujarat,Morbi,Morbi,Survey No.119 Paiki 2 Unit 1 Village-Dhuva Taluka-Wankaner,22.717,70.9372,Type-II AC,7.4,7.4,1
BEE_EV_PCS_2025,IOCL,Govt.,Gujarat,Surendranagar,Surendranagar,Survey No.119/Paiki 1 (New Rs No 49 Vill-Plasa Tal-Muli,22.66307,71.3374,LEV AC Charge point,3.3,3.3,1
BEE_EV_PCS_2025,IOCL,Govt.,Gujarat,Gir Somnath,Gir Somnath,Survey No.1258/P1 Vill-Kodinar Tal-Kodinar,20.813597,70.697495,LEV AC Charge point,3.3,3.3,1
BEE_EV_PCS_2025,IOCL,Govt.,Gujarat,Surendranagar,Surendranagar,Survey No.1265 Paiki 2 Village-Bavli Taluka-Dhrangadhra,22.928481,71.39039,Type-II AC,7.4,7.4,1
BEE_EV_PCS_2025,IOCL,Govt.,Gujarat,Amreli,Amreli,Survey No.152 Village-Amreli Taluka-Amreli,21.607319,71.226506,LEV AC Charge point,3.3,3.3,1
BEE_EV_PCS_2025,IOCL,Govt.,Gujarat,Surendranagar,Surendranagar,Survey No.1587/1 Village-Wadhwan Taluka-Wadhwan,22.704528,71.642361,Type-II AC,7.4,7.4,1
BEE_EV_PCS_2025,IOCL,Govt.,Gujarat,Ahmedabad,Ahmedabad,Survey No.159/3159/5Nr.Numi Ashra Mouje : Nidhrad Tal. Sanand Dist. Ahmedabad,23.01285,72.383391,LEV AC Charge point,3.3,3.3,1
BEE_EV_PCS_2025,IOCL,Govt.,Gujarat,Bhavnagar,Bhavnagar,Survey No.164 Paiki 1/ Paiki 1 Village-Devli Taluka-Talaja,21.35276,72.087744,LEV AC Charge point,3.3,3.3,1
BEE_EV_PCS_2025,IOCL,Govt.,Gujarat,Rajkot,Rajkot,Survey No.167 (Old S.No.36 Paiki 1) Vill-Kangashiyali Tal-Lodhika,22.210778,70.800681,LEV AC Charge point,3.3,3.3,1
BEE_EV_PCS_2025,IOCL,Govt.,Gujarat,Gir Somnath,Gir Somnath,Survey No.188/2/B/P2/P1 Vill-Una Tal-Una,20.843147,71.050258,LEV AC Charge point,3.3,3.3,1
BEE_EV_PCS_2025,IOCL,Govt.,Gujarat,Junagadh,Junagadh,Survey No.19/1 Plot No. 1001/1/A G Vill-Sabalpur Tal-Junagadh,21.56897,70.46522,LEV AC Charge point,3.3,3.3,1
BEE_EV_PCS_2025,IOCL,Govt.,Gujarat,Ahmedabad,Ahmedabad,Survey No.202/1&23 Party Chandkheda S H No 41 Tal Dist Gandhinagar,23.125065,72.58284,LEV AC Charge point,3.3,3.3,1
BEE_EV_PCS_2025,IOCL,Govt.,Gujarat,Rajkot,Rajkot,Survey No.231/Paiki 1 Vill-Moviya Tal-Paddhari,22.419305,70.617932,LEV AC Charge point,3.3,3.3,1
BEE_EV_PCS_2025,IOCL,Govt.,Gujarat,Rajkot,Rajkot,Survey No.239 Paiki 1 / Paiki 1 Vill-Atkot Tal-Jasdan,22.000446,71.155711,LEV AC Charge point,3.3,3.3,1
BEE_EV_PCS_2025,IOCL,Govt.,Gujarat,Morbi,Morbi,Survey No.26 Paiki 1/Paiki 1 Vill-Amreli Dist-Morbi,22.8482,70.8153,LEV AC Charge point,3.3,3.3,1
BEE_EV_PCS_2025,IOCL,Govt.,Gujarat,Anand,Anand,Survey No.2698Tarapur Dharmaj Road Tarapurdistt Anand Anand,22.485082,72.670113,Type-II AC,7.4,7.4,1
BEE_EV_PCS_2025,IOCL,Govt.,Gujarat,Rajkot,Rajkot,Survey No.272 Paiki 1 Vill-Shapar Tal-Kotdasangani,22.1606,70.7916,LEV AC Charge point,3.3,3.3,1
BEE_EV_PCS_2025,IOCL,Govt.,Gujarat,Gir Somnath,Gir Somnath,Survey No.272 Vill-Pransli Tal-Sutrapada,20.92779,70.627934,LEV AC Charge point,3.3,3.3,1
BEE_EV_PCS_2025,IOCL,Govt.,Gujarat,Rajkot,Rajkot,Survey No.278 Paiki 1 Vill-Pipardi Tal-Vinchhiya,22.189532,71.429949,LEV AC Charge point,3.3,3.3,1
BEE_EV_PCS_2025,IOCL,Govt.,Gujarat,Amreli,Amreli,Survey No.301/Paiki 1 Kariyana Tal-Babra,21.905804,71.366725,LEV AC Charge point,3.3,3.3,1
BEE_EV_PCS_2025,IOCL,Govt.,Gujarat,Bhavnagar,Bhavnagar,Survey No.31 Paiki 2 Vill-Devaliya Tal-Mahuva,21.056178,71.722663,Type-II AC,7.4,7.4,1
BEE_EV_PCS_2025,IOCL,Govt.,Gujarat,Surendranagar,Surendranagar,Survey No.321 Paiki 2 Village-Nava Taluka-Chotila,22.48475,71.21678,Type-II AC,7.4,7.4,1
BEE_EV_PCS_2025,IOCL,Govt.,Gujarat,Kachchh,Kutch,Survey No.368/3 Village- Chopadva Taluka- Bhachau,23.24697,70.29115,Type-II AC,7.4,7.4,1
BEE_EV_PCS_2025,IOCL,Govt.,Gujarat,Kachchh,Kutch,Survey No.38 Paiki Village-Anjar Taluka-Anjar,23.10228,70.02432,Type-II AC,7.4,7.4,1
BEE_EV_PCS_2025,IOCL,Govt.,Gujarat,Surendranagar,Surendranagar,Survey No.39 Vill-Vadod Tal-Wadhwan,22.563773,71.657587,LEV AC Charge point,3.3,3.3,1
BEE_EV_PCS_2025,IOCL,Govt.,Gujarat,Botad,Botad,Survey No.42 Paiki 1 (Old S.No.9/4 Vill-Kaniyad Tal-Botad,22.24363,71.628929,LEV AC Charge point,3.3,3.3,1
BEE_EV_PCS_2025,IOCL,Govt.,Gujarat,Surendranagar,Surendranagar,Survey No.42 Vill-Zainabad Tal-Dasada,23.282555,71.775446,LEV AC Charge point,3.3,3.3,1
BEE_EV_PCS_2025,IOCL,Govt.,Gujarat,Kachchh,Kutch,Survey No.431/2 Village-Adesar Taluka-Rapar,23.56307,70.983198,LEV AC Charge point,3.3,3.3,1
BEE_EV_PCS_2025,IOCL,Govt.,Gujarat,Surendranagar,Surendranagar,Survey No.440/P1 (New S.No:665) Vill-Rajgadh Tal-Dhrangadhra,23.01176,71.56296,LEV AC Charge point,3.3,3.3,1
BEE_EV_PCS_2025,IOCL,Govt.,Gujarat,Jamnagar,Jamnagar,Survey No.441 Vill-Khijadiya Tal-Jamnagar,22.496214,70.165833,Type-II AC,7.4,7.4,1
BEE_EV_PCS_2025,IOCL,Govt.,Gujarat,Amreli,Amreli,Survey No.464/P1 Village-Mota Zinzuda Taluka-Savarkundla,21.328626,71.381752,LEV AC Charge point,3.3,3.3,1
BEE_EV_PCS_2025,IOCL,Govt.,Gujarat,Junagadh,Junagadh,Survey No.476 Paiki 2 Vill-Sultanpur Tal-Mangrol,21.181492,70.151308,LEV AC Charge point,3.3,3.3,1
BEE_EV_PCS_2025,IOCL,Govt.,Gujarat,Porbandar,Porbander,Survey No.50 Chingariya Tal-Porbandar,21.299301,69.922966,LEV AC Charge point,3.3,3.3,1
BEE_EV_PCS_2025,IOCL,Govt.,Gujarat,Kachchh,Kutch,Survey No.60 Paiki Samakhiyali Tal-Bhachau,21.75642,71.54879,LEV AC Charge point,3.3,3.3,1
BEE_EV_PCS_2025,IOCL,Govt.,Gujarat,Bhavnagar,Bhavnagar,Survey No.62 Paiki 1 / Paiki 1 Vill-Kumbhan Tal-Palitana,21.657437,71.848096,LEV AC Charge point,3.3,3.3,1
BEE_EV_PCS_2025,IOCL,Govt.,Gujarat,Kachchh,Kutch,Survey No.680/Paiki 1 Village-Godhra Taluka-Mandvi,20.124567,70.65487,LEV AC Charge point,3.3,3.3,1
BEE_EV_PCS_2025,IOCL,Govt.,Gujarat,Devbhumi Dwarka,Devbhumi Dwarka,Survey No.708 Vill-Bajana Tal-Khambhalia,22.13874,69.756507,LEV AC Charge point,3.3,3.3,1
BEE_EV_PCS_2025,IOCL,Govt.,Gujarat,Kachchh,Kutch,Survey No.78 Village-Mota Layja Taluka-Mandvi,22.876271,69.248456,Type-II AC,7.4,7.4,1
BEE_EV_PCS_2025,IOCL,Govt.,Gujarat,Junagadh,Junagadh,Survey No.7801 Village-Mangrol Taluka-Mangrol,21.128128,70.117245,LEV AC Charge point,3.3,3.3,1
BEE_EV_PCS_2025,IOCL,Govt.,Gujarat,Kachchh,Kutch,Survey No.79/1 Village-Shirva Taluka-Mandvi,22.55555,70.33333,Type-II AC,7.4,7.4,1
BEE_EV_PCS_2025,IOCL,Govt.,Gujarat,Kachchh,Kutch,Survey No.92 Paiki Village-Babiya Taluka-Mundra,23.032293,69.616138,Type-II AC,7.4,7.4,1
BEE_EV_PCS_2025,IOCL,Govt.,Gujarat,Kachchh,Kutch,Survey No:100/P2Location-Village-Gu Taluka-Mundra Dist-Kutch,22.915,69.7635,CCS-II,60.0,60,1
BEE_EV_PCS_2025,IOCL,Govt.,Gujarat,Botad,Botad,Survey No-119P2 Village Dhasa Tal:Gadhada,21.807007,71.500427,LEV AC Charge point,3.3,3.3,1
BEE_EV_PCS_2025,IOCL,Govt.,Gujarat,Devbhumi Dwarka,Devbhumi Dwarka,Survey No-186 Village Hansthal Tal:Khambhaliya,22.206315,69.557109,LEV AC Charge point,3.3,3.3,1
BEE_EV_PCS_2025,IOCL,Govt.,Gujarat,Anand,Anand,Tarapur Crossing Bagodara-Dharmsaj Sh Tarapur Dist. Anand,22.495,72.6465,LEV AC Charge point,3.3,3.3,1
BEE_EV_PCS_2025,IOCL,Govt.,Gujarat,Gandhinagar,Gandhi Nagar,Valad Dist.-Gandhinagar Village: Valad Taluka : Ganadhi Na Dist.: Gandhi Nagar,23.147391,72.692471,LEV AC Charge point,3.3,3.3,1
BEE_EV_PCS_2025,IOCL,Govt.,Gujarat,Gandhinagar,Gandhi Nagar,Vavol-Tindoda Road Leftside At. Vavol Dist. Gandhinagar,23.2299,72.6158,LEV AC Charge point,3.3,3.3,1
BEE_EV_PCS_2025,IOCL,Govt.,Gujarat,Banas Kantha,Banas Kantha,Viilage - Kotarwada At& Po Kotarwada Taluka - Diodar Dist.- Banaskantha,24.231237,71.651571,LEV AC Charge point,3.3,3.3,1
BEE_EV_PCS_2025,IOCL,Govt.,Gujarat,Ahmedabad,Ahmedabad,Vijay Nagar Naranpura Ahmedabad City Ahmedabad,23.0577,72.5593,CCS-II,60.0,60,1
BEE_EV_PCS_2025,IOCL,Govt.,Gujarat,Sabar Kantha,Sabar Kantha,Vijaynagar-Idar Highway At Po Tal Vijaynagar Dist.Sabarkantha. Gujrat,24.0082,73.3407,LEV AC Charge point,3.3,3.3,1
BEE_EV_PCS_2025,IOCL,Govt.,Gujarat,Sabar Kantha,Sabar Kantha,Vill. Parbada Himmatnagar Byepass Himmatnagar,23.5977,72.9448,LEV AC Charge point,3.3,3.3,1
BEE_EV_PCS_2025,IOCL,Govt.,Gujarat,Gir Somnath,Gir Somnath,Vill.: Chhatroda Nh 8Etal.Verawal Indian Oil Dealer Dist Junagadh,20.95462,70.337804,Type-II AC,7.4,7.4,1
BEE_EV_PCS_2025,IOCL,Govt.,Gujarat,Kachchh,Kutch,Vill: Dhaneti Tal: Bhuj Sh 42,23.26393,69.929342,Type-II AC,7.4,7.4,1
BEE_EV_PCS_2025,IOCL,Govt.,Gujarat,Vadodara,Vadodara,sŝůůĂŐĞͲDĂŶũƵƐĂƌdĂůƵŬĂʹ^Ăǀůŝ^ŚƌĞĞũŝWĞƐƚŝĐŝĚĞƐDĂŶũƵƐĂƌ,22.460867,73.192857,LEV AC Charge point,3.3,3.3,1
BEE_EV_PCS_2025,IOCL,Govt.,Gujarat,Mahesana,Mehsana,Village : Ambasan Tal. Mehsana Dist. Mehsana,23.48338,72.351727,LEV AC Charge point,3.3,3.3,1
BEE_EV_PCS_2025,IOCL,Govt.,Gujarat,Anand,Anand,Village : Ambav Tal. Anklav. Dist. Anand,22.418472,72.972056,Type-II AC,7.4,7.4,1
BEE_EV_PCS_2025,IOCL,Govt.,Gujarat,Banas Kantha,Banas Kantha,Village : Ashodar Tal. Tharad. Dist. Banaskantha,24.424272,71.82225,LEV AC Charge point,3.3,3.3,1
BEE_EV_PCS_2025,IOCL,Govt.,Gujarat,Banas Kantha,Banas Kantha,Village : Badarpura (Khodla) Nh27 Tal. Palanpur Dist. Banaskantha,24.208643,72.338209,LEV AC Charge point,3.3,3.3,1
BEE_EV_PCS_2025,IOCL,Govt.,Gujarat,Banas Kantha,Banas Kantha,Village : Bhabhar Vav Tal. Bhabhar Dist. Banaskantha,24.07379,71.603519,LEV AC Charge point,3.3,3.3,1
BEE_EV_PCS_2025,IOCL,Govt.,Gujarat,Ahmedabad,Ahmedabad,Village : Bhadaj Tal. Ghatlodia Ahmedabad,23.087914,72.487298,CCS-II,60.0,60,1
BEE_EV_PCS_2025,IOCL,Govt.,Gujarat,Gandhinagar,Gandhi Nagar,Village : Bhat Tal. Gandhinagar Dist. Gandhinagar,23.1024,72.6305,CCS-II,60.0,60,1
BEE_EV_PCS_2025,IOCL,Govt.,Gujarat,Arvalli,Aravalli,Village : Bolundra Tal. Modasa Dist. Aravalli,23.57209,73.28633,LEV AC Charge point,3.3,3.3,1
BEE_EV_PCS_2025,IOCL,Govt.,Gujarat,Mahesana,Mehsana,Village : Brahmanwada Tal. Unjha Dist. Mehsana,23.858908,72.366196,LEV AC Charge point,3.3,3.3,1
BEE_EV_PCS_2025,IOCL,Govt.,Gujarat,Banas Kantha,Banas Kantha,Village : Chadotar Tal.Panapur Dist. Banaskantha,24.187159,72.388801,LEV AC Charge point,3.3,3.3,1
BEE_EV_PCS_2025,IOCL,Govt.,Gujarat,Ahmedabad,Ahmedabad,Village : Chaloda Tal. Dholka Dist. Ahmedabad,22.808772,72.450122,Type-II AC,7.4,7.4,1
BEE_EV_PCS_2025,IOCL,Govt.,Gujarat,Anand,Anand,Village : Changa Tal. Petlad Dist. Anand,22.599171,72.825035,LEV AC Charge point,3.3,3.3,1
BEE_EV_PCS_2025,IOCL,Govt.,Gujarat,Ahmedabad,Ahmedabad,Village : Charodi Tal. Sanand Dist. Ahmedabad,23.04182,72.266083,LEV AC Charge point,3.3,3.3,1
BEE_EV_PCS_2025,IOCL,Govt.,Gujarat,Gandhinagar,Gandhi Nagar,Village : Chhatral Tal. Kalol Dist. Gandhinagar,23.277864,72.439344,LEV AC Charge point,3.3,3.3,1
BEE_EV_PCS_2025,IOCL,Govt.,Gujarat,Mahesana,Mehsana,Village : Dabhala Tal. Vijapur Dist. Mehsana,23.553059,72.557324,LEV AC Charge point,3.3,3.3,1
BEE_EV_PCS_2025,IOCL,Govt.,Gujarat,Mahesana,Mehsana,Village : Dasaj Tal. Unjha Dist. Mehsana,23.836448,72.446921,LEV AC Charge point,3.3,3.3,1
BEE_EV_PCS_2025,IOCL,Govt.,Gujarat,Mahesana,Mehsana,Village : Dela Tal. Mehsana Dist. Mehsana,23.622836,72.42697,LEV AC Charge point,3.3,3.3,1
BEE_EV_PCS_2025,IOCL,Govt.,Gujarat,Banas Kantha,Banas Kantha,Village : Dharnodhar Tal. Dhanera Dist. Banaskantha,24.640137,72.029509,Bharat AC-001,9.9,3.3,1
BEE_EV_PCS_2025,IOCL,Govt.,Gujarat,Ahmedabad,Ahmedabad,Village : Dholka Tal. Dholka Dist. Ahmedabad,22.7179,72.425487,LEV AC Charge point,3.3,3.3,1
BEE_EV_PCS_2025,IOCL,Govt.,Gujarat,Ahmedabad,Ahmedabad,Village : Endala Tal. Mandal Dist. Ahmedabad,23.28878,72.0522,LEV AC Charge point,3.3,3.3,1
BEE_EV_PCS_2025,IOCL,Govt.,Gujarat,Anand,Anand,Village : Fangani Tal. Petlad Dist. Anand,22.49815,72.832443,Type-II AC,7.4,7.4,1
BEE_EV_PCS_2025,IOCL,Govt.,Gujarat,Mahesana,Mehsana,Village : Gunjala Tal. Visnagar Dist. Mehsana,23.564927,72.467149,LEV AC Charge point,3.3,3.3,1
BEE_EV_PCS_2025,IOCL,Govt.,Gujarat,Banas Kantha,Banas Kantha,Village : Hebatpur On National Highway No. 130 Tal.Palanpur Dist.Banaskantha,24.25245,72.469779,LEV AC Charge point,3.3,3.3,1
BEE_EV_PCS_2025,IOCL,Govt.,Gujarat,Mahesana,Mehsana,Village : Indrap Tal. Becharaji Dist. Mehsana,23.511485,72.146773,LEV AC Charge point,3.3,3.3,1
BEE_EV_PCS_2025,IOCL,Govt.,Gujarat,Mahesana,Mehsana,Village : Indrap Tal. Bechraji Dist. Mehsana,23.513051,72.152715,LEV AC Charge point,3.3,3.3,1
BEE_EV_PCS_2025,IOCL,Govt.,Gujarat,Ahmedabad,Ahmedabad,Village : Iyava Sanand-Viramgam State Highway Tal. Sanand Dist. Ahmedabad,23.021843,72.324783,CCS-II,30.0,30,1
BEE_EV_PCS_2025,IOCL,Govt.,Gujarat,Anand,Anand,Village : Jitodia Tal. Anand Dist. Anand,22.523361,72.955658,LEV AC Charge point,3.3,3.3,1
BEE_EV_PCS_2025,IOCL,Govt.,Gujarat,Mahesana,Mehsana,Village : Kada Tal. Visnagar Dist. Mehsana,23.621046,72.561918,Type-II AC,7.4,7.4,1
BEE_EV_PCS_2025,IOCL,Govt.,Gujarat,Anand,Anand,Village : Kanakpura Tal. Borsad Dist. Anand,22.274639,72.812222,Type-II AC,7.4,7.4,1
BEE_EV_PCS_2025,IOCL,Govt.,Gujarat,Banas Kantha,Banas Kantha,Village : Kansari Tal. Deesa Dist. Banaskantha,24.324503,72.140761,LEV AC Charge point,3.3,3.3,1
BEE_EV_PCS_2025,IOCL,Govt.,Gujarat,Banas Kantha,Banas Kantha,Village : Khardosan Tal. Deesa Dist. Banaskantha,24.176627,72.17336,LEV AC Charge point,3.3,3.3,1
BEE_EV_PCS_2025,IOCL,Govt.,Gujarat,Sabar Kantha,Sabar Kantha,Village : Kundla Tal. Vijaynagar Dist. Sabarkantha,23.974,73.1973,LEV AC Charge point,3.3,3.3,1
BEE_EV_PCS_2025,IOCL,Govt.,Gujarat,Arvalli,Aravalli,Village : Kunol Tal. Aravalli Dist. Aravalli,23.5942,73.4799,LEV AC Charge point,3.3,3.3,1
BEE_EV_PCS_2025,IOCL,Govt.,Gujarat,Kheda,Kheda,Village : Lasundra Tal. Kathlal Dist. Kheda,22.914039,73.162797,LEV AC Charge point,3.3,3.3,1
BEE_EV_PCS_2025,IOCL,Govt.,Gujarat,Ahmedabad,Ahmedabad,Village : Mankol Tal. Sanand Dist. Ahmedabad,22.91253,72.258817,CCS-II,30.0,30,1
BEE_EV_PCS_2025,IOCL,Govt.,Gujarat,Gandhinagar,Gandhi Nagar,Village : Mansa City Tal. Mansa Dist. Gandhinagar,23.441912,72.65539,Type-II AC,7.4,7.4,1
BEE_EV_PCS_2025,IOCL,Govt.,Gujarat,Mahesana,Mehsana,Village : Modhera Tal. Bechraji Dist. Mehsana,23.593987,72.140483,LEV AC Charge point,3.3,3.3,1
BEE_EV_PCS_2025,IOCL,Govt.,Gujarat,Devbhumi Dwarka,Devbhumi Dwarka,Village : Movan Taluka : Khambaliya Khambaliya,22.124404,69.507711,LEV AC Charge point,3.3,3.3,1
BEE_EV_PCS_2025,IOCL,Govt.,Gujarat,Mahesana,Mehsana,Village : Nandasan Tal. Kadi Dist. Mehsana,23.397062,72.399478,LEV AC Charge point,3.3,3.3,1
BEE_EV_PCS_2025,IOCL,Govt.,Gujarat,Anand,Anand,Village : Nar Tal. Petlad Dist. Anand,22.464889,72.696889,LEV AC Charge point,3.3,3.3,1
BEE_EV_PCS_2025,IOCL,Govt.,Gujarat,Banas Kantha,Banas Kantha,Village : Nenava On Nh-168A Tal. Dhanera Dist. Banaskantha,24.641709,71.892517,LEV AC Charge point,3.3,3.3,1
BEE_EV_PCS_2025,IOCL,Govt.,Gujarat,Banas Kantha,Banas Kantha,Village : Palanpur Tal. Palanpur Dist. Banaskantha,24.187152,72.422507,LEV AC Charge point,3.3,3.3,1
BEE_EV_PCS_2025,IOCL,Govt.,Gujarat,Arvalli,Aravalli,Village : Palla Tal. Bhiloda Dist. Aravalli,23.76404,73.25338,Type-II AC,7.4,7.4,1
BEE_EV_PCS_2025,IOCL,Govt.,Gujarat,Gandhinagar,Gandhi Nagar,Village : Palsana Tal. Kalol Dist. Gandhinagar,23.18866,72.50621,LEV AC Charge point,3.3,3.3,1
BEE_EV_PCS_2025,IOCL,Govt.,Gujarat,Banas Kantha,Banas Kantha,Village : Panthawada Tal. Dantiwada Dist. Banaskantha,24.496837,72.311877,CCS-II,30.0,30,1
BEE_EV_PCS_2025,IOCL,Govt.,Gujarat,Gandhinagar,Gandhi Nagar,Village : Pimplaj Tal. Dehgam Dist. Gandhinagar,23.221206,72.960858,Type-II AC,7.4,7.4,1
BEE_EV_PCS_2025,IOCL,Govt.,Gujarat,Ahmedabad,Ahmedabad,Village : Pirana Pirana - Aslali Bypass Road Dist. Ahmedabad,22.9595,72.5543,CCS-II,30.0,30,1
BEE_EV_PCS_2025,IOCL,Govt.,Gujarat,Gandhinagar,Gandhi Nagar,Village : Por Kudasan Tal. Gandhinagar Dist. Gandhinagar,22.69144,71.59791,Type-II AC,7.4,7.4,1
BEE_EV_PCS_2025,IOCL,Govt.,Gujarat,Banas Kantha,Banas Kantha,Village : Ranakpur Tal. Kankrej Dist. Banaskantha,23.942106,71.799678,CCS-II,30.0,30,1
BEE_EV_PCS_2025,IOCL,Govt.,Gujarat,Banas Kantha,Banas Kantha,Village : Ranpur Tal. Deesa Dist. Banaskantha,24.288906,72.21591,LEV AC Charge point,3.3,3.3,1
BEE_EV_PCS_2025,IOCL,Govt.,Gujarat,Banas Kantha,Banas Kantha,Village : Rasana Mota Tal. Deesa Dist. Banaskantha,24.233135,72.256567,LEV AC Charge point,3.3,3.3,1
BEE_EV_PCS_2025,IOCL,Govt.,Gujarat,Kheda,Kheda,Village : Relia Tal. Kapadwanj Dist. Kheda,23.075,73.1913,LEV AC Charge point,3.3,3.3,1
BEE_EV_PCS_2025,IOCL,Govt.,Gujarat,Sabar Kantha,Sabar Kantha,Village : Salal Tal. Prantij Dist. Sabarkantha,23.48761,72.900228,LEV AC Charge point,3.3,3.3,1
BEE_EV_PCS_2025,IOCL,Govt.,Gujarat,Banas Kantha,Banas Kantha,Village : Samau Motavas Tal. Deesa Dist. Banaskantha,24.092233,72.104489,LEV AC Charge point,3.3,3.3,1
BEE_EV_PCS_2025,IOCL,Govt.,Gujarat,Anand,Anand,Village : Sarsa Tal. Anand Dist. Anand,22.535435,73.059547,Type-II AC,7.4,7.4,1
BEE_EV_PCS_2025,IOCL,Govt.,Gujarat,Kheda,Kheda,Village : Savali Tal. Kapadwanj Dist. Kheda,22.94119,73.12732,LEV AC Charge point,3.3,3.3,1
BEE_EV_PCS_2025,IOCL,Govt.,Gujarat,Ahmedabad,Ahmedabad,Village : Sitapur Tal. Mandal Bechraji-Viramgam Sh No.7 Dist. Ahmedabad,23.4485,71.9949,LEV AC Charge point,3.3,3.3,1
BEE_EV_PCS_2025,IOCL,Govt.,Gujarat,Banas Kantha,Banas Kantha,Village : Thavar Tal. Dhanera Dist. Banaskantha,24.531816,72.009785,LEV AC Charge point,3.3,3.3,1
BEE_EV_PCS_2025,IOCL,Govt.,Gujarat,Ahmedabad,Ahmedabad,Village : Ukhlod Tal. Viramgam Dist. Ahmedabad,23.210786,72.040859,LEV AC Charge point,3.3,3.3,1
BEE_EV_PCS_2025,IOCL,Govt.,Gujarat,Mahesana,Mehsana,Village : Vadnagar Tal. Mehsana Dist. Mehsana,23.78118,72.64134,LEV AC Charge point,3.3,3.3,1
BEE_EV_PCS_2025,IOCL,Govt.,Gujarat,Gandhinagar,Gandhi Nagar,Village : Vasan Tal. Gandhinagar Dist. Gandhinagar,23.317737,72.639902,Type-II AC,7.4,7.4,1
BEE_EV_PCS_2025,IOCL,Govt.,Gujarat,Kheda,Kheda,Village Angadi Dakore- Sevalia Road Taluka Thasra Distt Kheda.,22.8086,73.293,LEV AC Charge point,3.3,3.3,1
BEE_EV_PCS_2025,IOCL,Govt.,Gujarat,Gandhinagar,Gandhi Nagar,Village Rakanpur Char Rasta P.O. Santej Ta - Kalol District Gandhinagar,23.1004,72.4823,CCS-II,60.0,60,1
BEE_EV_PCS_2025,IOCL,Govt.,Gujarat,Bharuch,Bharuch,Yash Corporation (Adhoc) Rs No. 64 Paiki Nandelav Taluka Bharuch Dist: Bharuch,21.72317,72.99062,CCS-II,30.0,30,1
BEE_EV_PCS_2025,KAZAM,Private,Gujarat,Ahmedabad,Ahmedabad,"Ahmedabad,Lambha,Gujarat,382405",22.93438,72.55903,Bharat AC-001,3.3,3.3,1
BEE_EV_PCS_2025,KAZAM,Private,Gujarat,Ahmedabad,Ahmedabad,"Bhairavnath Road,Maninagar,Ahmedabad,Gujarat,380008",22.995649,72.607032,Bharat AC-001,3.3,3.3,1
BEE_EV_PCS_2025,KAZAM,Private,Gujarat,Ahmedabad,Ahmedabad,"Gidc Estate, Vatva,Ahmedabad,Gujarat,382445",22.978254,72.633003,Bharat AC-001,3.3,3.3,1
BEE_EV_PCS_2025,KAZAM,Private,Gujarat,Mahesana,Saratanpur,"Gujarat State Highway 56,Saratanpur,Gujarat,384330",24.005248,72.777042,Bharat AC-001,3.3,3.3,1
BEE_EV_PCS_2025,KAZAM,Private,Gujarat,Ahmedabad,Ahmedabad,"Lambha,Ahmedabad,Gujarat,382405",22.931975,72.560257,Bharat AC-001,3.3,3.3,1
BEE_EV_PCS_2025,KAZAM,Private,Gujarat,Ahmedabad,Ahmedabad,"Nava Naroda,Ahmedabad,Gujarat,382330",23.071955,72.666853,Bharat AC-001,3.3,3.3,1
BEE_EV_PCS_2025,KAZAM,Private,Gujarat,Ahmedabad,Ahmedabad,"Nava Naroda,Ahmedabad,Gujarat,382330",23.072297,72.673971,Bharat AC-001,3.3,3.3,1
BEE_EV_PCS_2025,KAZAM,Private,Gujarat,Ahmedabad,Ahmedabad,"Netaji Road,Ellisbridge,Ahmedabad,Gujarat,380009",23.030565,72.563662,Bharat AC-001,3.3,3.3,1
BEE_EV_PCS_2025,KAZAM,Private,Gujarat,Surat,Vyara,"Vyara,Gujarat,394650",21.107026,73.393127,Bharat AC-001,3.3,3.3,1
BEE_EV_PCS_2025,NTPC,Govt.,Gujarat,Surat,Surat City,City Light Surat City,21.169099,72.794946,Bharat AC-001,3.3,3.3,1
BEE_EV_PCS_2025,NTPC,Govt.,Gujarat,Vadodara,Baroda City,"Coco Karelibagh Karelibagh, Baroda City",22.320647,73.203964,Bharat AC-001,3.3,3.3,1
BEE_EV_PCS_2025,NTPC,Govt.,Gujarat,Ahmedabad,Chandkheda,"Comco- Chandkheda Near Ongc Colony,Chandkheda",23.10402,72.575977,Bharat AC-001,3.3,3.3,1
BEE_EV_PCS_2025,NTPC,Govt.,Gujarat,Ahmedabad,Ahmedabad,"Comco- Grand Millenium, Satellite Satellite, Ahmedabad",23.017795,72.518756,Bharat AC-001,3.3,3.3,1
BEE_EV_PCS_2025,NTPC,Govt.,Gujarat,Ahmedabad,Ahmedabad,"Comco- Nikol Plot.No.85/1,F.P.No.85,T.P.S No.111,Nikol,Ahmedabad",23.035319,72.6761,Bharat AC-001,3.3,3.3,1
BEE_EV_PCS_2025,NTPC,Govt.,Gujarat,Vadodara,Baroda City,"Hp Coco Nizampura Nizampura, Baroda City",22.340763,73.177996,Bharat AC-001,3.3,3.3,1
BEE_EV_PCS_2025,NTPC,Govt.,Gujarat,Vadodara,Surat City,"Hpcl Coco Rander Rander, Surat City",21.22095,72.79044,Bharat AC-001,3.3,3.3,1
BEE_EV_PCS_2025,OLA,Private,Gujarat,Anand,Karamsad,"Anand-Karamsad Road,Near Medical Collage,Anand",22.54273,72.90459,LEV DC Charge Point (IS-17017-2-6),7.0,7,1
BEE_EV_PCS_2025,OLA,Private,Gujarat,Surat,Surat City,"Fp No.154, Adajan, New Randher Rdnr. Megabyte Restaurant,Surat, Gujarat",21.2043,72.78897,LEV DC Charge Point (IS-17017-2-6),7.0,7,1
BEE_EV_PCS_2025,OLA,Private,Gujarat,Ahmedabad,Ahmedabad,"Opp Ongc Gate,Sabarmati,Ahmedabad",23.08934,72.59051,LEV DC Charge Point (IS-17017-2-6),7.0,7,1
BEE_EV_PCS_2025,OLA,Private,Gujarat,Surat,Surat City,Opp. Prannath Hospitalnr. Nani Bahucharaji Mandirsurat Gujarat,21.21592,72.82247,LEV DC Charge Point (IS-17017-2-6),7.0,7,1
BEE_EV_PCS_2025,OLA,Private,Gujarat,Ahmedabad,Ahmedabad,"Opposite Manav Mandir,Opposite Manav Mandir,Ahmedabad, Gujarat",23.04551,72.53954,LEV DC Charge Point (IS-17017-2-6),7.0,7,1
BEE_EV_PCS_2025,OLA,Private,Gujarat,Vadodara,Vadodara,"Plot No. 4/A,Mujmahuda, Akota,Vadodara",22.28609,73.16964,LEV DC Charge Point (IS-17017-2-6),7.0,7,1
BEE_EV_PCS_2025,OLA,Private,Gujarat,Kachchh,Shinai,"R.S. No. 299/8,Shinai,Kutch",23.03381,70.06355,LEV DC Charge Point (IS-17017-2-6),7.0,7,1
BEE_EV_PCS_2025,OLA,Private,Gujarat,Rajkot,Rajkot,"Sr No 440P/56 And 57,Amin Marg,Rajkot",22.28453,70.77699,LEV DC Charge Point (IS-17017-2-6),7.0,7,1
BEE_EV_PCS_2025,OLA,Private,Gujarat,Jamnagar,Jamnagar,"Teen Batti,Opp. Old Railway Station,Jamnagar",22.47303,70.07022,LEV DC Charge Point (IS-17017-2-6),7.0,7,1
BEE_EV_PCS_2025,PGCIL,Govt.,Gujarat,Surat,Surat City,"Iocl, Beside Tata Motors Showroom, Nr. Kamrej Toll Plaza N. H. No. 48, Amboli Tal. Kamrej, Dist, Surat, Gujarat 394150",21.300435,72.954018,Bharat DC-001,15.0,15,1
BEE_EV_PCS_2025,REIL,Govt.,Gujarat,Ahmedabad,Ahmedabad,Shree Siddhivinayak Petroleum,23.041186,72.518711,Bharat DC-001,15.0,15,1
BEE_EV_PCS_2025,Reliance,Private,Gujarat,Ahmedabad,Ahmedabad,"100 Feet Rd, Near Shell Petrol Pump Prahlad Nagar Ahmedabad, Gujarat 380054",23.01178,72.51164,CCS-II,60.0,60,1
BEE_EV_PCS_2025,Reliance,Private,Gujarat,Ahmedabad,Ahmedabad,"100 Feet Rd, Near Shell Petrol Pump Prahlad Nagar Ahmedabad, Gujarat 380054",23.01178,72.51164,Type-II AC,7.4,7.4,1
BEE_EV_PCS_2025,Reliance,Private,Gujarat,Ahmedabad,Ahmedabad,"Advance Mills Compound, Opp. Swaminarayan Temple, Shahibaug Main Road,",23.043956,72.588732,CCS-II,60.0,60,1
BEE_EV_PCS_2025,Reliance,Private,Gujarat,Ahmedabad,Ahmedabad,"Advance Mills Compound, Opp. Swaminarayan Temple, Shahibaug Main Road,",23.043956,72.588732,Bharat DC-001,30.0,15,1
BEE_EV_PCS_2025,Reliance,Private,Gujarat,Narmada,Narmada,"Garudeshwar, Gujarat 393151",21.895168,73.672594,CCS-II,60.0,60,1
BEE_EV_PCS_2025,Reliance,Private,Gujarat,Panch Mahals,Godhra,"Hotel Orchid Garden & Banquet, Survey No 55, Kankuthambhala Ta-Godra, Pnachmahal, 389120",22.812028,73.644125,CCS-II,60.0,60,1
BEE_EV_PCS_2025,Reliance,Private,Gujarat,Banas Kantha,Banas Kantha,"Hotel& Guest House At Survey No-40/2,232 State Highway.Dharevada, Banaskatha, Gujarat,385210",23.97828,72.372896,CCS-II,60.0,60,1
BEE_EV_PCS_2025,Reliance,Private,Gujarat,Ahmedabad,Ahmedabad,"Jio-Bp Mobility Station, Aslali Kanera Road, Mouje Bidajtal, Distt. Kheda,",22.835281,72.605217,CCS-II,60.0,60,1
BEE_EV_PCS_2025,Reliance,Private,Gujarat,Valsad,Vapi,"Jio-Bp Mobility Station, Besides Jain Mandir, Nh 8, Lhs Towards Vapi, Nandigam, Tal Umargam, Dist. Valsad,",20.2328,72.8824,CCS-II,60.0,60,1
BEE_EV_PCS_2025,Reliance,Private,Gujarat,Valsad,Vapi,"Jio-Bp Mobility Station, Besides Maharani Farm, Nh 8, Nandigam, Tal Umargam, Dist. Valsad,",20.2309,72.8842,CCS-II,60.0,60,1
BEE_EV_PCS_2025,Reliance,Private,Gujarat,Kheda,Nadiad,"Jio-Bp Mobility Station, Nh:8 , Near Pij Cross Road",22.6864,72.8384,CCS-II,60.0,60,1
BEE_EV_PCS_2025,Reliance,Private,Gujarat,Kachchh,Sabarkantha,"Jio-Bp Mobility Station, Nh-8, Nava Venpur, Shamlaji, Taluka: Bhiloda , Distt. Sabarkantha -383455",23.727937,73.403354,CCS-II,60.0,60,1
BEE_EV_PCS_2025,Reliance,Private,Gujarat,Surat,Surat City,"Jio-Bp Mobility Station, Nh-8, Palod Taluka Mangrol",21.3976,72.9615,CCS-II,60.0,60,1
BEE_EV_PCS_2025,Reliance,Private,Gujarat,Vadodara,Ankleshwar,"Jio-Bp Mobility Station, Opp. Panoli Industrial Area, Village Kapodara ,",21.5866,72.9968,CCS-II,60.0,60,1
BEE_EV_PCS_2025,Reliance,Private,Gujarat,Ahmedabad,Ahmedabad,"Nexus Ahmedabad One, Near Vastrapur Lake",23.039882,72.53112,CCS-II,60.0,60,1
BEE_EV_PCS_2025,Reliance,Private,Gujarat,Ahmedabad,Ahmedabad,"Nexus Ahmedabad One, Near Vastrapur Lake",23.039882,72.53112,Type-II AC,7.4,7.4,1
BEE_EV_PCS_2025,Reliance,Private,Gujarat,Gandhinagar,Gandhinagar,EŚϴ͕^ƵƌǀĞǇEŽ͘ϮϳϬͬW͕KƉƉĚŚĂƌƐŚŝůĂ^ĐŚŽŽů͕sŝůůĂŐĞsĂůĂĚ͕EĞĂƌ DŝůĞƐƚŽŶĞϱϬϲ͕ŝƐƚ͘'ĂŶĚŚŝŶĂŐĂƌʹϯϴϮϯϱϱ,23.139125,72.687283,CCS-II,60.0,60,1
BEE_EV_PCS_2025,Reliance,Private,Gujarat,Rajkot,Rajkot,"Plot No 6. Revenue Survey No 390 Paiki, City Survey No: 5928, Beside Bmw Showroom, Gondal Road, Rajkot, Gujarat, India 360004 , Rajkot - 360004",22.255249,70.800031,CCS-II,60.0,60,1
BEE_EV_PCS_2025,Reliance,Private,Gujarat,Surat,Surat City,Raj Hotel Navi Pardi Nh-48 Taluka - Kamrej Dist - Surat,21.330069,72.962016,CCS-II,60.0,60,1
BEE_EV_PCS_2025,Reliance,Private,Gujarat,Ahmedabad,Ahmedabad,Rajyash City Bhopal Ghuman Road Ahmedabad - Gujarat 380058,23.030631,72.47123,CCS-II,60.0,60,1
BEE_EV_PCS_2025,Reliance,Private,Gujarat,Ahmedabad,Ahmedabad,Rajyash City Bhopal Ghuman Road Ahmedabad - Gujarat 380058,23.030631,72.47123,LEV AC Charge point,3.3,3.3,1
BEE_EV_PCS_2025,Reliance,Private,Gujarat,Surat,Surat City,"Reliance Mall Adajan, Adajan,",21.207213,72.793919,CCS-II,60.0,60,1
BEE_EV_PCS_2025,Reliance,Private,Gujarat,Surat,Surat City,"Reliance Mall Adajan, Adajan,",21.207213,72.793919,Type-II AC,7.4,7.4,1
BEE_EV_PCS_2025,Reliance,Private,Gujarat,Surat,Surat City,"Reliance Mall, Opp. Rajkumar Cinema, Udhana Darwaza, Udhana Surat, Gujarat-395002",21.18207,72.831223,CCS-II,60.0,60,1
BEE_EV_PCS_2025,Reliance,Private,Gujarat,Surat,Surat City,"Reliance Mall, Opp. Rajkumar Cinema, Udhana Darwaza, Udhana Surat, Gujarat-395002",21.18207,72.831223,Type-II AC,7.4,7.4,1
BEE_EV_PCS_2025,Reliance,Private,Gujarat,Vadodara,Vadodara,"Reliance Mall, Opp. Srering Health Mall, Near Pitamber Society, Akshar Chowk, Op Road,",22.285209,73.163704,CCS-II,60.0,60,1
BEE_EV_PCS_2025,Reliance,Private,Gujarat,Vadodara,Vadodara,"Reliance Mall, Opp. Srering Health Mall, Near Pitamber Society, Akshar Chowk, Op Road,",22.285209,73.163704,Type-II AC,7.5,7.5,1
BEE_EV_PCS_2025,Reliance,Private,Gujarat,Surat,Surat City,ZĞůŝĂŶĐĞDĂůů͕Zŵ:ŚĂƐǀ^ĐŚŽŽůsĞƐƵ^ƵƌĂƚ͕:ŚŵďĂŶŝ^ĂƌĂƐǁĂƚŝsŝĚǇĂ DĂŶĚŝƌ^ĐŚŽŽů͕sĞƐƵŚĂƌZĂƐƚĂ͕hĚŚĂŶĂDĂŐĚĂůůĂZŽĂĚ͕sĞƐƵΦ͞ ϯϵϱϬϬϳ͕^ƵƌĂƚ;'ƵũͿ,21.149324,72.773134,CCS-II,60.0,60,1
BEE_EV_PCS_2025,Reliance,Private,Gujarat,Surat,Surat City,ZĞůŝĂŶĐĞDĂůů͕Zŵ:ŚĂƐǀ^ĐŚŽŽůsĞƐƵ^ƵƌĂƚ͕:ŚŵďĂŶŝ^ĂƌĂƐǁĂƚŝsŝĚǇĂ DĂŶĚŝƌ^ĐŚŽŽů͕sĞƐƵŚĂƌZĂƐƚĂ͕hĚŚĂŶĂDĂŐĚĂůůĂZŽĂĚ͕sĞƐƵΦ͞ ϯϵϱϬϬϳ͕^ƵƌĂƚ;'ƵũͿ,21.149324,72.773134,Type-II AC,7.4,7.4,1
BEE_EV_PCS_2025,Reliance,Private,Gujarat,Jamnagar,Jamnagar,"Sh 6, Reliance Greens Motikhavdi, Gujarat 361142 Gujarat 361142",22.3904,69.865183,CCS-II,60.0,60,1
BEE_EV_PCS_2025,Reliance,Private,Gujarat,Jamnagar,Jamnagar,"Sh 6, Reliance Greens Motikhavdi, Gujarat 361142 Gujarat 361142",22.3904,69.865183,Type-II AC,7.5,7.5,1
BEE_EV_PCS_2025,Reliance,Private,Gujarat,Gandhinagar,Gandhinagar,"Sy No 159/1,And New Survey No 273 Nh - 48, Dhanap, Gandhinagar, Gujarat,382355",23.28382,72.761544,CCS-II,60.0,60,1
BEE_EV_PCS_2025,Reliance,Private,Gujarat,Ahmedabad,Ahmedabad,dŚĞŐŽƌĂDĂůů͕^ƉZŝŶŐZŽĂĚƚΦ͞^ƵŐĂĚ͕dĂΦ͞'ĂŶĚŚŝŶĂŐĂƌ͕,23.118029,72.624511,CCS-II,60.0,60,1
BEE_EV_PCS_2025,Reliance,Private,Gujarat,Sabar Kantha,Himmatnagar,"The Goodway Hotel, Nh 48, Karanpur, Himatnagar, Gujarat, 383030",23.598574,73.073081,CCS-II,60.0,60,1
BEE_EV_PCS_2025,Reliance,Private,Gujarat,Vadodara,Vadodara,"dŚĞ,ŽƚĞůEĂǀŝũŝǀĂŶ͕ƚʹsĂĚĂǀĂEŚͲϰϴdĂʹ<ĂƌũĂŶŝƐƚʹsĂĚŽĚĂƌĂʹ 'ƵũĂƌĂƚϯϵϭϮϰϰ",22.008802,73.113217,CCS-II,60.0,60,1
BEE_EV_PCS_2025,Reliance,Private,Gujarat,Ahmedabad,Ahmedabad,"Ved Arcade Mall, Opposite Vastral Lake 200 Ft, Sadar Patel Ring Road, Vastral,",23.000559,72.665816,CCS-II,60.0,60,1
BEE_EV_PCS_2025,Reliance,Private,Gujarat,Ahmedabad,Ahmedabad,"Ved Arcade Mall, Opposite Vastral Lake 200 Ft, Sadar Patel Ring Road, Vastral,",23.000559,72.665816,Type-II AC,7.5,7.5,1
BEE_EV_PCS_2025,Reliance,Private,Gujarat,Ahmedabad,Ahmedabad,"Venus Amadeus Jodhpur Cross Road,Ahmedabad Ahmedabad - 380015",23.02496,72.52712,CCS-II,60.0,60,1
BEE_EV_PCS_2025,Reliance,Private,Gujarat,Ahmedabad,Ahmedabad,"Venus Amadeus Jodhpur Cross Road,Ahmedabad Ahmedabad - 380015",23.02496,72.52712,Type-II AC,7.4,7.4,1
BEE_EV_PCS_2025,Reliance,Private,Gujarat,Ahmedabad,Ahmedabad,"Venus Stratum, Jhansi Ki Rani, Surendra Mangaldas Road, Satellite Rd, Nehru Nagar, Ahmedabad, Gujarat - 380015",23.021854,72.537925,CCS-II,60.0,60,1
BEE_EV_PCS_2025,Reliance,Private,Gujarat,Ahmedabad,Ahmedabad,"Venus Stratum, Jhansi Ki Rani, Surendra Mangaldas Road, Satellite Rd, Nehru Nagar, Ahmedabad, Gujarat - 380015",23.021854,72.537925,Type-II AC,7.4,7.4,1
BEE_EV_PCS_2025,Reliance,Private,Gujarat,Ahmedabad,Ahmedabad,"Venus Stratum, Jhansi Ki Rani, Surendra Mangaldas Road, Satellite Rd, Nehru Nagar, Ahmedabad, Gujarat - 380015",23.021854,72.537925,LEV AC Charge point,3.3,3.3,1
BEE_EV_PCS_2025,Sharify,Private,Gujarat,Ahmedabad,Ahmedabad,1/2 Swiss Plaza Ambawadi Ahmedabad Gujarat 380006,23.01145,72.523888,Type-II AC,7.4,7.4,1
BEE_EV_PCS_2025,Sharify,Private,Gujarat,Ahmedabad,Ahmedabad,1/2 Swiss Plaza Ambawadi Ahmedabad Gujarat 380006,23.01145,72.523888,LEV AC Charge point,3.3,3.3,1
BEE_EV_PCS_2025,Sharify,Private,Gujarat,Ahmedabad,Ahmedabad,"4,Vraj Vihar -6 B/H, Prernatirth Derasar Rd Rahul Tower Ahmedabad Gujarat 380015",23.0158,72.517799,Type-II AC,7.4,7.4,1
BEE_EV_PCS_2025,Sharify,Private,Gujarat,Kachchh,Mundra,Adani House Adani Mundra Port Mundra Gujarat 370421,22.774733,69.683014,Type-II AC,7.4,7.4,1
BEE_EV_PCS_2025,Sharify,Private,Gujarat,Surat,Surat City,"Ckpcet, Near Malvan Mandir Via Magdalla Port Dumas Rd Surat Gujarat 395007",21.132,72.718102,Type-II AC,7.4,7.4,1
BEE_EV_PCS_2025,Sharify,Private,Gujarat,Surat,Surat City,"Ckpcet, Near Malvan Mandir Via Magdalla Port Dumas Rd Surat Gujarat 395007",21.132,72.718102,LEV AC Charge point,3.3,3.3,1
BEE_EV_PCS_2025,Sharify,Private,Gujarat,Junagadh,Malia,"Halvad Highway, Near Petrol Pump Malia Malia Gujarat 363670",23.0753,70.801903,CCS-II,30.0,30,1
BEE_EV_PCS_2025,Sharify,Private,Gujarat,Ahmedabad,Ahmedabad,Narayan Nagar Society Narayan Nagar Ahmedabad Gujarat 380007,22.998899,72.559402,Type-II AC,7.4,7.4,1
BEE_EV_PCS_2025,Sharify,Private,Gujarat,Rajkot,Rajkot,"National Highway 27 (8B), Opp. 80 Ft. Road End, Opp. K.S. Diesels, Rajkot-360 003 Nh27 Rajkot Gujarat 363621",22.473,70.894997,Type-II AC,7.4,7.4,1
BEE_EV_PCS_2025,Sharify,Private,Gujarat,Anand,Anand,"National Highway 48 Gallops Food Chikhodra, Crossing, Rajodpura Anand Gujarat 388320",22.559,72.985497,CCS-II,30.0,30,1
BEE_EV_PCS_2025,Sharify,Private,Gujarat,Anand,Anand,"National Highway 48 Gallops Food Chikhodra, Crossing, Rajodpura Anand Gujarat 388320",22.559,72.985497,Type-II AC,7.4,7.4,1
BEE_EV_PCS_2025,Sharify,Private,Gujarat,Anand,Anand,"National Highway 48 Gallops Food Chikhodra, Crossing, Rajodpura Anand Gujarat 388320",22.559,72.985497,LEV AC Charge point,3.3,3.3,1
BEE_EV_PCS_2025,Sharify,Private,Gujarat,Ahmedabad,Ahmedabad,"Near Panchvati Cross Road, Off C.G Road Ambawadi Ahmedabad Gujarat 380056",23.0242,72.556999,Type-II AC,22.0,22,1
BEE_EV_PCS_2025,Sharify,Private,Gujarat,Surat,Kosamba,"Nh8, Mahuvej Road Kosamba Kosamba Gujarat 394405",21.46681,72.996643,CCS-II,30.0,30,1
BEE_EV_PCS_2025,Sharify,Private,Gujarat,Vadodara,Dabhoi,Opposite Essar Petrol Pump Limpura Dabhoi Tilkwada Road Dabhoi Gujarat 391120,22.031601,73.503601,CCS-II,60.0,60,1
BEE_EV_PCS_2025,Sharify,Private,Gujarat,Vadodara,Vadodara,Sai Vihar Abbas Tyabji Road Vadodara Gujarat 390008,22.321301,73.188103,LEV AC Charge point,3.3,3.3,1
BEE_EV_PCS_2025,Sharify,Private,Gujarat,Kachchh,Mundra,Samudra Adani Mundra Port Mundra Gujarat 370421,22.798443,69.710136,Type-II AC,7.4,7.4,1
BEE_EV_PCS_2025,Sharify,Private,Gujarat,Kachchh,Mundra,Shantivan Colony Adani Mundra Port Mundra Gujarat 370421,22.852297,69.687119,Type-II AC,7.4,7.4,1
BEE_EV_PCS_2025,Sharify,Private,Gujarat,Ahmedabad,Ahmedabad,"Shott, Sindhu Bhavan Marg, Opposite Saket-3 Next To Sankalp Square, Prl Colony Thaltej Ahmedabad Gujarat 380058",23.0436,72.482498,CCS-II,60.0,60,1
BEE_EV_PCS_2025,Sharify,Private,Gujarat,Surendranagar,Dhrangadhra,Sir Jadeja Fmf Kutch Highway Dhrangadhra Gujarat 363310,23.000528,71.415489,CCS-II,30.0,30,1
BEE_EV_PCS_2025,Sharify,Private,Gujarat,Vadodara,Karjan,"Sr Charging Stations Pvt. Ltd C/O Hotel Le Nandini Village Bharthana Bharuch No 8 National Highway, Karjan Karjan Gujarat 391240",22.02454,73.117668,CCS-II,30.0,30,1
BEE_EV_PCS_2025,Sharify,Private,Gujarat,Kachchh,Gandhidham,"Survey No. 68, 1, Airport Rd Galpadar Gandhidham Gujarat 370201",23.0863,70.106201,Type-II AC,22.0,22,1
BEE_EV_PCS_2025,Sharify,Private,Gujarat,Surendranagar,Limbdi,"Vastadi, Sayla Limbdi Highway, National Highway 8A Navi Morwad Limbdi Gujarat 363435",22.548679,71.588737,CCS-II,30.0,30,1
BEE_EV_PCS_2025,Municipal,Govt.,Gujarat,Surat,Surat City,"Adajan Sports Complex, Opp. Atman Park, Near L.P. Savani Road, Adajan",21.195998,72.787808,Combo (CCS-II + CHAdeMo + Type II),122.0,50+50+22,3
BEE_EV_PCS_2025,Municipal,Govt.,Gujarat,Surat,Surat City,"Althan BRTS Bus Depo,Althan",21.148937,72.808707,Combo (CCS-II + CHAdeMo + Type II),122.0,50+50+22,3
BEE_EV_PCS_2025,Municipal,Govt.,Gujarat,Surat,Surat City,"Below Anu-Vrat Dwar Fly-Over Bridge, Udhana Magdalla Road",21.159934,72.796685,Combo (CCS-II + CHAdeMo + Type II),122.0,50+50+22,3
BEE_EV_PCS_2025,Municipal,Govt.,Gujarat,Surat,Surat City,"Below Fly Over Bridge,Opp. Nana Varachha Health Center, Nana Varachha",21.226234,72.889654,Combo (CCS-II + CHAdeMo + Type II),122.0,50+50+22,3
BEE_EV_PCS_2025,Municipal,Govt.,Gujarat,Surat,Surat City,"Below Parley Point Bridge, Surat Dumas Road",21.174802,72.794563,Combo (CCS-II + CHAdeMo + Type II),122.0,50+50+22,3
BEE_EV_PCS_2025,Municipal,Govt.,Gujarat,Surat,Surat City,"Vesu Fire Station, Vip Road, Vesu",21.141956,72.781617,Combo (CCS-II + CHAdeMo + Type II),122.0,50+50+22,3
BEE_EV_PCS_2025,Tata Power,Private,Gujarat,Vadodara,Vadodara,"Abc Autolink, Nh 64 Ranoli, No 1401, Ranoli Gidc, Vadodara, Nh 64, Gujarat 391350",22.403828,73.13455,Combo (CCS-II+CHAdeMO),25.0,25,2
BEE_EV_PCS_2025,Tata Power,Private,Gujarat,Ahmedabad,Ahmedabad,ŚŵĞĚĂďĂĚKŶĞDĂůů͕sĂƐƚƌĂƉƵƌ͕WůŽƚEŽ͘Ϯϭϲ͕d͘W͘^ĐŚĞŵĞϭ͕EĞĂƌ sĂƐƚƌĂƉƵƌ>ĂŬĞ͕sĂƐƚƌĂƉƵƌ͕ŚŵĞĚĂďĂĚʹϯϴϬϬϱϰ,23.039752,72.531812,Combo (CCS-II+CHAdeMO),25.0,25,2
BEE_EV_PCS_2025,Tata Power,Private,Gujarat,Ahmedabad,Ahmedabad,"Bloom Suites, Thaltej, Surdhara Circle, Nilmani Society, Near B/H Sal Hospital, Thaltej, Ahmedabad, 380054",23.051035,72.525163,CCS-II,30.0,30,1
BEE_EV_PCS_2025,Tata Power,Private,Gujarat,Ahmedabad,Ahmedabad,"Bloom Suites, Thaltej, Surdhara Circle, Nilmani Society, Near B/H Sal Hospital, Thaltej, Ahmedabad, 380054",23.051035,72.525163,Type-II AC,7.4,7.4,1
BEE_EV_PCS_2025,Tata Power,Private,Gujarat,Gandhinagar,Gandhinagar,"Capital Ev, Gidc Gandhinagar, B-33, Electronic Estate, Sector-25, Gidc Gandhinagar 382024",23.249394,72.631119,Bharat DC-001,15.0,15,1
BEE_EV_PCS_2025,Tata Power,Private,Gujarat,Gandhinagar,Gandhinagar,"Capital Ev, Gidc Gandhinagar, B-33, Electronic Estate, Sector-25, Gidc Gandhinagar 382024",23.249394,72.631119,Combo (CCS-II+CHAdeMO),25.0,25,2
BEE_EV_PCS_2025,Tata Power,Private,Gujarat,Kachchh,Gandhidham,"Cargo Motors, Galpadar, Survey No - 26/5/P-1/P-2, Village - Galpadar, Taluka - Gandhidham, Kachchh, Gujarat - 370240",23.05572,70.146139,CCS-II,30.0,30,1
BEE_EV_PCS_2025,Tata Power,Private,Gujarat,Kachchh,Bhuj,"Click Hotel, Bhuj, Opp. Bhuj Railway Compound,Bhuj, Gujarat 370001",23.265533,69.678673,CCS-II,30.0,30,1
BEE_EV_PCS_2025,Tata Power,Private,Gujarat,Junagadh,Junagadh,"ůŝĐŬ,ŽƚĞů͕:ƵŶĂŐĂĚŚ͕EĞĂƌZĂŝůǁĂǇ^ƚĂƚŝŽŶ͕:ƵŶĂŐĂĚŚ͕'ƵũƌĂƚϯϲϮϬϬϭ",21.52841,70.458458,CCS-II,30.0,30,1
BEE_EV_PCS_2025,Tata Power,Private,Gujarat,Jamnagar,Jamnagar,"Click Hotel, Tulsi, Motikhavdi Khambadia Highway, Opp Ioc Petrol Pump, Motikhavdi, Jamnagar, 361104",22.393137,69.867542,CCS-II,30.0,30,1
BEE_EV_PCS_2025,Tata Power,Private,Gujarat,Vadodara,Vadodara,"Coco Karelibaugh, Tp Scheme 9, Plt.226, Karelibaug, Vadodara, Gujarat 390018",22.320633,73.203966,CCS-II,30.0,30,1
BEE_EV_PCS_2025,Tata Power,Private,Gujarat,Ahmedabad,Ahmedabad,"Comco- Grand Millenium, Satellite, Sector 2, Jodhpur Village, Ahmedabad Gujarat 380015",23.017183,72.518834,CCS-II,30.0,30,1
BEE_EV_PCS_2025,Tata Power,Private,Gujarat,Ahmedabad,Ahmedabad,"Comco- Nikol, Plot.No.85/1,F.P.No.85,T.P.S No.111,Nikol, Ahmedabad Gujarat 382345",23.034789,72.675745,CCS-II,30.0,30,1
BEE_EV_PCS_2025,Tata Power,Private,Gujarat,Rajkot,Rajkot,"Comfort Inn Legacy By One Earth, Comfort Inn Legacy By One Earth Panchnath Road, Limda Chowk, Rajkot Gujrat-360001",22.296705,70.799122,CCS-II,30.0,30,1
BEE_EV_PCS_2025,Tata Power,Private,Gujarat,Ahmedabad,Ahmedabad,"Fairfield By Marriott, Ashram Rd, Ashram Rd, Satyawadi Society, Usmanpura, Ahmedabad, Gujarat 380013",23.052279,72.571088,Type-II AC,7.4,7.4,1
BEE_EV_PCS_2025,Tata Power,Private,Gujarat,Ahmedabad,Ahmedabad,"Fairfield By Marriott, Ashram Rd, Ashram Rd, Satyawadi Society, Usmanpura, Ahmedabad, Gujarat 380013",23.052279,72.571088,Combo (CCS-II+CHAdeMO),25.0,25,2
BEE_EV_PCS_2025,Tata Power,Private,Gujarat,Narmada,Kevadia,"Ggl Coco, Kevadia Colony, Gujarat Gas, Survey No - 422, &423, Kevadiya Colony, Narmada, Taluka - Gurudeshwar, District - Narmada -393151",21.885508,73.688477,Combo (CCS-II+CHAdeMO),50.0,25,2
BEE_EV_PCS_2025,Tata Power,Private,Gujarat,Ahmedabad,Ahmedabad,"Ginger Hotel, Drivein Road, Ginger Hotel Ahmedabad Behind Himalaya Mall, Drivein Road, Ahmedabad 380015",23.047141,72.531013,CCS-II,30.0,30,1
BEE_EV_PCS_2025,Tata Power,Private,Gujarat,Ahmedabad,Ahmedabad,"Ginger Hotel, Drivein Road, Ginger Hotel Ahmedabad Behind Himalaya Mall, Drivein Road, Ahmedabad 380015",23.047141,72.531013,Type-II AC,7.4,7.4,1
BEE_EV_PCS_2025,Tata Power,Private,Gujarat,Surat,Surat City,"Ginger Hotel, Piplod, Ginger Hotel Surat Off Dumus Road, Near Lskon Mall, Piplod, Surat 395007",21.160075,72.768069,CCS-II,30.0,30,1
BEE_EV_PCS_2025,Tata Power,Private,Gujarat,Surat,Surat City,"Ginger Hotel, Piplod, Ginger Hotel Surat Off Dumus Road, Near Lskon Mall, Piplod, Surat 395007",21.160075,72.768069,Type-II AC,7.4,7.4,1
BEE_EV_PCS_2025,Tata Power,Private,Gujarat,Valsad,Vapi,"Ginger Hotel, Salvav, Ginger Hotel Vapi Dream Honda, Opp. Empress Mall, Nh-08, Salvav, Vapi, Gujarat-396191",20.414322,72.91809,CCS-II,30.0,30,1
BEE_EV_PCS_2025,Tata Power,Private,Gujarat,Valsad,Vapi,"Ginger Hotel, Salvav, Ginger Hotel Vapi Dream Honda, Opp. Empress Mall, Nh-08, Salvav, Vapi, Gujarat-396191",20.414322,72.91809,Type-II AC,7.4,7.4,1
BEE_EV_PCS_2025,Tata Power,Private,Gujarat,Ahmedabad,Ahmedabad,"Ginger Vastrapur, Drive In Road, Behind Himalaya Mall, Drive In Road, Ahmedabad - 380015",23.04626,72.53069,Combo (CCS-II+CHAdeMO),25.0,25,2
BEE_EV_PCS_2025,Tata Power,Private,Gujarat,Gandhinagar,Gandhinagar,"Harsolia Brothers, Sec 28 Gidc, Plot No. 301, Sector 28 Gidc, Sector 28, Gandhinagar, Gujarat 382028",23.254196,72.659209,Combo (CCS-II+CHAdeMO),25.0,25,2
BEE_EV_PCS_2025,Tata Power,Private,Gujarat,Vadodara,Vadodara,",ŽƚĞů^ƵďĂ ůŝƚĞ͕&ĂƚĞŚŐĂŶũDĂŝŶZŽĂĚ͕EĞĂƌWĂƌƐŝŐŝǇĂƌŝ͕&ĂƚĞŚŐĂŶũDĂŝŶ ZŽĂĚ͕sĂĚŽĚĂƌĂʹϯϵϬϬϬϮ'ƵũĂƌĂƚϯϵϬϬϬϮ",22.320583,73.188378,CCS-II,30.0,30,1
BEE_EV_PCS_2025,Tata Power,Private,Gujarat,Bharuch,Bharuch,",ŽƚĞů^ƵďĂ'ƌĂŶĚ͕ĂŚĞũ͕:ŽůǀĂsŝůůĂŐĞ͕ĂŚĞũ͕ŚĂƌƵĐŚ͕^ƚĂƚĞʹϮϰ'ƵũĂƌĂƚ ϯϵϮϭϯϱ",21.716411,72.656298,CCS-II,30.0,30,1
BEE_EV_PCS_2025,Tata Power,Private,Gujarat,Ahmedabad,Ahmedabad,"Hotel Taj Skyline, Shilaj, Sankalp Square 3, Opp Saket 3, Near Nilkanth Green, Sindhubhawan Road, Shilaj, Ahemdabad - 380059",23.044447,72.481961,CCS-II,30.0,30,1
BEE_EV_PCS_2025,Tata Power,Private,Gujarat,Ahmedabad,Ahmedabad,"Hp Autocare , Bodakdev, Judges Bungalow Road, T Village : Bodakdev , City : Ahmedabad 380054",23.03322,72.513753,CCS-II,30.0,30,1
BEE_EV_PCS_2025,Tata Power,Private,Gujarat,Ahmedabad,Ahmedabad,"Hp Service Center, Sola , F.P. No 232/1, Solaroad, Ahmedabad 380061",23.06339,72.531763,CCS-II,30.0,30,1
BEE_EV_PCS_2025,Tata Power,Private,Gujarat,Ahmedabad,Ahmedabad,"Indus University, Shilaj, Rancharda Via, Shilaj, Ahemdabad - 382115",23.064567,72.43918,CCS-II,30.0,30,1
BEE_EV_PCS_2025,Tata Power,Private,Gujarat,Ahmedabad,Ahmedabad,"Indus University, Shilaj, Rancharda Via, Shilaj, Ahemdabad - 382115",23.064567,72.43918,Type-II AC,7.4,7.4,1
BEE_EV_PCS_2025,Tata Power,Private,Gujarat,Ahmedabad,Ahmedabad,"Infinity Vehicles Pvt Ltd, Besides Shell Petrol Pump, Gupta Nagar, 132 Ft Ring Road, Jivraj Park, Ahmedabad - 380007",23.000235,72.536706,CCS-II,30.0,30,1
BEE_EV_PCS_2025,Tata Power,Private,Gujarat,Ahmedabad,Ahmedabad,"Iocl - Sardar Petro Station, Bakrol, M/S Sardar Petrol Station, Near Toll Plaza Ring Road, Bakrol-Bardrabad, Daskroi, Ahmedabad-382433",22.935404,72.520954,Combo (CCS-II+CHAdeMO),25.0,25,2
BEE_EV_PCS_2025,Tata Power,Private,Gujarat,Ahmedabad,Ahmedabad,"Iocl Ashtavinayak Petroleum, Hirapur, Survey No.836, Hirapur Chaukadi, Village, Hirapur, Gujarat 382435",22.910407,72.705088,CCS-II,30.0,30,1
BEE_EV_PCS_2025,Tata Power,Private,Gujarat,Ahmedabad,Ahmedabad,"Iocl Jay Petroleum, Kuha, Opp. Shiv Aradhna, Shiv Aradhna, Kuha, Gujarat 382433",22.997543,72.799472,CCS-II,30.0,30,1
BEE_EV_PCS_2025,Tata Power,Private,Gujarat,Ahmedabad,Ahmedabad,"Iocl Kailash Petroleum, Naroda, Nr. Galaxy Cinema, Nh No 8, Naroda, Gujarat 382330",23.076022,72.651587,CCS-II,30.0,30,1
BEE_EV_PCS_2025,Tata Power,Private,Gujarat,Narmada,Kevadia,/ŽĐů<ĞǀĂĚŝĂ͕'ĂƌƵĚĞƐŚǁĂƌ͕^ƵƌǀĞǇEŽʹϰϮϮ͕ϰϮϯsŝůůĂŐĞʹ<ĞǀĂĚŝǇĂ͕dĂůƵŬĂʹ 'ĂƌƵĚĞƐŚǁĂƌŝƐƚƌŝĐƚʹEĂƌŵĂĚĂ͕'ƵũĂƌĂƚ͕ϯϵϯϭϱϭ,21.885704,73.688136,Bharat DC-001,15.0,15,1
BEE_EV_PCS_2025,Tata Power,Private,Gujarat,Narmada,Kevadia,/ŽĐů<ĞǀĂĚŝĂ͕'ĂƌƵĚĞƐŚǁĂƌ͕^ƵƌǀĞǇEŽʹϰϮϮ͕ϰϮϯsŝůůĂŐĞʹ<ĞǀĂĚŝǇĂ͕dĂůƵŬĂʹ 'ĂƌƵĚĞƐŚǁĂƌŝƐƚƌŝĐƚʹEĂƌŵĂĚĂ͕'ƵũĂƌĂƚ͕ϯϵϯϭϱϭ,21.885704,73.688136,Combo (CCS-II+CHAdeMO),25.0,25,2
BEE_EV_PCS_2025,Tata Power,Private,Gujarat,Ahmedabad,Changodar,"Iocl Laxmi Narayan Petroleum, Changodar, National Highway 8A, Changodar, Gujarat 382210",22.937814,72.455668,Combo (CCS-II+CHAdeMO),25.0,25,2
BEE_EV_PCS_2025,Tata Power,Private,Gujarat,Rajkot,Rajkot,"Iocl Motamawa, Kalavad Road, Near Saraza, Opp Cosmoplex Cinema, Kalavad Rd, Rajkot, Gujarat 360005",22.269902,70.741577,CCS-II,30.0,30,1
BEE_EV_PCS_2025,Tata Power,Private,Gujarat,Ahmedabad,Kamod,"Iocl Om Petroleum, Kamod, Kamod, Gujarat 382427",22.924744,72.543496,Combo (CCS-II+CHAdeMO),30.0,30,2
BEE_EV_PCS_2025,Tata Power,Private,Gujarat,Vadodara,Vadodara,"Iocl Omkar Petroleum, Subhanpura, High Tension Rd, Subhanpura, Vadodara, Gujarat 390023",22.321699,73.154986,Combo (CCS-II+CHAdeMO),30.0,30,2
BEE_EV_PCS_2025,Tata Power,Private,Gujarat,Ahmedabad,Ahmedabad,"Iocl Rudraraj Petroleum, Uvarsad, Adalaj - Uvarsad, College Road, Ahmedabad, Gujarat 382421",23.190648,72.585033,CCS-II,30.0,30,1
BEE_EV_PCS_2025,Tata Power,Private,Gujarat,Rajkot,Rajkot,"Jai Ganesh Auto Hub, Mavdi, Survey No - 258, Behind Laxman Township, Near Speed Well Party, Mavdi, Rajkot, Pin Code - 360004",22.255931,70.760063,CCS-II,30.0,30,1
BEE_EV_PCS_2025,Tata Power,Private,Gujarat,Rajkot,Rajkot,"Jai Ganesh, Kothariya, Jai Ganesh Mg. Opp Krishna Park , Rajkot-Gondal Highway ,Kothariya, Rajkot-360003",22.227526,70.801092,Combo (CCS-II+CHAdeMO),30.0,30,2
BEE_EV_PCS_2025,Tata Power,Private,Gujarat,Surat,Surat City,"Jalaram Automobiles, Adajan, Block No 50, Bhatha Neargreen City, Adajan, Surat - Pin - 394510",21.187426,72.766109,CCS-II,30.0,30,1
BEE_EV_PCS_2025,Tata Power,Private,Gujarat,Bhavnagar,Bhavnagar,"Jeel Hotel, Adhelai Village, Jeel Hotel, Adhelai Village, Ahemdabad - Bhavnagar Highway, Bhavnagar - 394313",22.053712,72.109154,Combo (CCS-II+CHAdeMO),25.0,25,2
BEE_EV_PCS_2025,Tata Power,Private,Gujarat,Ahmedabad,Ahmedabad,<ĂƌŶĂǀĂƚŝDŽƚŽƌƐ͕'ŝĚĐEĂƌŽĚĂ͕WůŽƚEŽͲϱϭ͕WŚĂƐĞͲϯ͕EĂƌŽĚĂ'ŝĚĐ͕EĂƌŽĚĂ͕ ŚŵĞĚĂďĂĚʹϯϴϮϯϯϬ,23.099989,72.668356,CCS-II,25.0,25,1
BEE_EV_PCS_2025,Tata Power,Private,Gujarat,Kheda,Vadadala,"Ku And Company, Nh 8 Beside Mcdonald, Nh8, Beside Mcdonalds,,Vadadala 392015",21.31553,72.946884,CCS-II,30.0,30,1
BEE_EV_PCS_2025,Tata Power,Private,Gujarat,Gandhinagar,Gandhinagar,"Narayani Hotels And Resorts, Bhatt, Gandhinagar, Gujarat - 382428",23.112044,72.62954,CCS-II,30.0,30,1
BEE_EV_PCS_2025,Tata Power,Private,Gujarat,Valsad,Valsad,"New Hem Motors, Dharampur Road, Dharampur Road, Valsad - 396001",20.603794,72.929229,CCS-II,25.0,25,1
BEE_EV_PCS_2025,Tata Power,Private,Gujarat,Ahmedabad,Ahmedabad,"Nro Gota, Near Icb Flora Opposite Silver Nest New, Gota Gam Rd, Prahlad Nagar, Ahmedabad, Gujarat 382481",23.101949,72.539893,CCS-II,30.0,30,1
BEE_EV_PCS_2025,Tata Power,Private,Gujarat,Rajkot,Rajkot,"Parin Motors, Nh8 Gondal Highway, 149, Plot No 2, Survey No, Nh 8B, Gondal Highway, Near Parin Furniture, Rajkot, Gujarat 360004",22.225264,70.801197,Combo (CCS-II+CHAdeMO),25.0,25,2
BEE_EV_PCS_2025,Tata Power,Private,Gujarat,Rajkot,Rajkot,"WŽƐŝƚŝǀĞŚĞŵŝĐĂů͕ZĂŶƉƵƌ͕ZŬ/ŶĚƵƐƚƌŝĂůŽŶĞϴ͕WůŽƚEŽϭ͕Ϯ͕ϯ͕sŝůůĂŐĞʹ ZĂŶƉƵƌ͕<ƵǁĂĚǁĂsĂŶŬĂŶĞƌ,ŝŐŚǁĂǇ͕ŝƐƚƌŝĐƚʹZĂũŬŽƚ͕WŝŶŽĚĞʹϯϲϬϬϮϯ",22.372822,70.923952,CCS-II,30.0,30,1
BEE_EV_PCS_2025,Tata Power,Private,Gujarat,Surat,Surat City,"Pramukh Auto, Umiya Nagar, Plot No. 409/27-A, Umiya Nagar Society,Near Chosath Jogni Mata Temple,Udhna Magdalla Road,Surat-394210",21.164948,72.835879,Combo (CCS-II+CHAdeMO),25.0,25,2
BEE_EV_PCS_2025,Tata Power,Private,Gujarat,Ahmedabad,Ahmedabad,"Progressive Cars, Sg Highway, G-9, Shapath V, Beside Hotel Crowne Plaza, Near Karnavati Club , Sg Highway, Ahmedabad, Gujarat - 380015",23.014261,72.503947,Combo (CCS-II+CHAdeMO),25.0,25,2
BEE_EV_PCS_2025,Tata Power,Private,Gujarat,Ahmedabad,Ahmedabad,"Riya Auto Link, Sola, Near Dj Toyota, Opp - Kargil Petrol Pump, Sg Hinghway, Sola - Ahmedabad - 380060",23.072445,72.524556,CCS-II,30.0,30,1
BEE_EV_PCS_2025,Tata Power,Private,Gujarat,Ahmedabad,Ahmedabad,"Riya Autolink, Ambli Brts Bus Stand, Near Devkutir Bunglow, Opp Bopal Ambli Brts Bus Stand, Iscon-Bopal Road, Ahmedabad, Gujarat - 380058",23.02558,72.47991,Combo (CCS-II+CHAdeMO),25.0,25,2
BEE_EV_PCS_2025,Tata Power,Private,Gujarat,Anand,Anand,"Sagar Petroleum, Lingda, Survey No. 118/1+2+3+4+B/1, Village Lingda, Tal. Umreth, Dist. Anand 388220",22.689561,73.066452,CCS-II,25.0,25,1
BEE_EV_PCS_2025,Tata Power,Private,Gujarat,Surat,Surat City,"Shreeji Automart, Piplod, 04 A/B, Shreeji House,Opp. Big Bazar,Dumas Road, Piplod,Surat-395002",21.159829,72.770603,Combo (CCS-II+CHAdeMO),25.0,25,2
BEE_EV_PCS_2025,Tata Power,Private,Gujarat,Vadodara,Vadodara,"Sp Motors, Nh 7 Nagpur Road, Plot No177, Tp- 13, R.S. No 926/1, Chhani Road, Vadodara, Gujarat-390002",22.335789,73.173794,Combo (CCS-II+CHAdeMO),30.0,30,2
BEE_EV_PCS_2025,Tata Power,Private,Gujarat,Gandhinagar,Gandhinagar,"Taj Gandhinagar Resort And Spa, Gram Bharti Cross Road, Limbodra, Road, Mahudi, Gandhinagar, Gujarat 382721",23.374962,72.691604,CCS-II,30.0,30,1
BEE_EV_PCS_2025,Tata Power,Private,Gujarat,Narmada,Kevadia,"The Fern Sardar Sarovar Resort, Kevadia Colony, The Fern Sardar Sarovar Resort, Sardar Sarovar Resort, Next To Ekta Gate, Kevadia Colony, Tal - Garudeshwar, Rajpipla, Gujarat 393151",21.886706,73.687011,CCS-II,30.0,30,1
BEE_EV_PCS_2025,Tata Power,Private,Gujarat,Narmada,Kevadia,"The Fern Sardar Sarovar Resort, Kevadia Colony, The Fern Sardar Sarovar Resort, Sardar Sarovar Resort, Next To Ekta Gate, Kevadia Colony, Tal - Garudeshwar, Rajpipla, Gujarat 393151",21.886706,73.687011,Type-II AC,7.4,7.4,1
BEE_EV_PCS_2025,Tata Power,Private,Gujarat,Narmada,Kevadia,"The Fern Sardar Sarovar Resort, Rajpipla, Sardar Sarovar Resort, Next To Ekta Gate, Kevadia Colony, Tal - Garudeshwar, Rajpipla, Gujarat 393151",21.886918,73.687081,Bharat AC-001,10.0,3.3,1
BEE_EV_PCS_2025,Tata Power,Private,Gujarat,Vadodara,Vadodara,"Vihal Petroleum, Ajwa Road, Village Bapod, Ajwa Road, Dist. Baroda - 390013",22.313833,73.241597,CCS-II,25.0,25,1
BEE_EV_PCS_2025,Tata Power,Private,Gujarat,Gandhinagar,Gandhinagar,"Vijay Automobiles, Sec 11, Sector 11, Plat No. 12 Gandhinagar,382006",23.215233,72.648707,CCS-II,30.0,30,1
BEE_EV_PCS_2025,Tata Power,Private,Gujarat,Ahmedabad,Ahmedabad,"Westside, Ellisbridge, Ground Floor, Abhijeet V, Netaji Rd Ellisbridge Opp. Mayor Bungalow, Ellisbridge, Ahmedabad, Gujarat 380006",23.02938,72.56142,Combo (CCS-II+CHAdeMO),30.0,30,2
BEE_EV_PCS_2025,Tata Power,Private,Gujarat,Ahmedabad,Ahmedabad,"Yash Motors, Narol, Opp Mayauri Trading Company, Near Asopalav Hotel, Narol Cross Road, Narol - Pin - 382405",22.973461,72.582288,CCS-II,30.0,30,1
BEE_EV_PCS_2025,charge,Private,Gujarat,Mahesana,Unjha,"Gj Sh 41, Unava, Gujarat 384160",23.751407,72.367076,CCS-II,60.0,60,1
BEE_EV_PCS_2025,charge,Private,Gujarat,Navsari,Navsari,"Hotel Fun City (Pure Veg), Nh 8, Grid Road, Beside Peedee Electronics, Kabilpore, Navsari, Gujarat 396424",20.944615,72.962911,CCS-II,60.0,60,1
BEE_EV_PCS_2025,charge,Private,Gujarat,Ahmedabad,Viramgam,"Kesar Hotel & Restaurant, Gj Sh-7 Highway, Viramgam Rural, Ahmedabad-Bhuj Highway, 382150",23.091177,72.029976,CCS-II,60.0,60,1
BEE_EV_PCS_2025,charge,Private,Gujarat,Bhavnagar,Bhavnagar,"Near Nirma Chokdi, Sanes, Gujarat 364001",21.909779,72.069194,CCS-II,60.0,60,1
BEE_EV_PCS_2025,BPCL,Govt.,Gujarat,BANAS KANTHA,BANASKANTHA,"#, #, , City=BANASKANTHA, District=BANAS KANTHA, State=Gujarat",24.368638,71.534096,CCS,60.0,60,2
BEE_EV_PCS_2025,BPCL,Govt.,Gujarat,SURENDRANAGAR,LIMBDI,"#, #, , City=LIMBDI, District=SURENDRANAGAR, State=Gujarat",22.561035,71.637459,CCS,60.0,60,2
BEE_EV_PCS_2025,BPCL,Govt.,Gujarat,RAJKOT,PITHADIYA,"#, #, , City=PITHADIYA, District=RAJKOT, State=Gujarat",21.781,70.6397,CCS,60.0,60,2
BEE_EV_PCS_2025,BPCL,Govt.,Gujarat,Kachchh,BHUJ,"168 - 168 OPP.HOTEL BHAVANI SH42, MADHAPAR, , City=BHUJ,",23.23958,69.71368,CCS,60.0,60,2
BEE_EV_PCS_2025,BPCL,Govt.,Gujarat,RAJKOT,RAJKOT,"205 /6 ORBIT PLAZA, RAJKOT, , City=RAJKOT, District=RAJKOT, State=Gujarat",22.303768,70.802494,CCS,60.0,60,2
BEE_EV_PCS_2025,BPCL,Govt.,Gujarat,AHMEDABAD,AHMEDABAD,"271/2, NR RAILWAY UNDERBRIDGE, CHANDLODIA, , City=AHMEDABAD,",23.072106,72.558875,LEV DC,15.0,7,1
BEE_EV_PCS_2025,BPCL,Govt.,Gujarat,RAJKOT,RAJKOT,"2ND RING ROAD, PAL, , City=RAJKOT, District=RAJKOT, State=Gujarat",22.233224,70.76849,CCS,60.0,60,2
BEE_EV_PCS_2025,BPCL,Govt.,Gujarat,Kachchh,NAKHTRANA,"391/1,392P VILLAGE NANA ANGIYA, NAKHATRANA KUTCH, ,",23.335328,69.291959,CCS,60.0,60,2
BEE_EV_PCS_2025,BPCL,Govt.,Gujarat,Kachchh,ADESAR,"ADESAR, NH 15, PLOT NO 443/3, , City=ADESAR, District=KUTCHCHH,",23.570917,70.989306,CCS,60.0,60,2
BEE_EV_PCS_2025,BPCL,Govt.,Gujarat,GANDHINAGAR,PIROJPUR,"AHMEDABAD-HIMMATNAGAR HIGWAY, NH 48, , City=PIROJPUR,",23.148663,72.693407,CCS,60.0,60,2
BEE_EV_PCS_2025,BPCL,Govt.,Gujarat,KHEDA,KANERA,"AHMEDABAD-MUMBAI HIGHWAY, ON NH 8, VILLAGE KANERA, ,",22.809346,72.62164,CCS,60.0,60,2
BEE_EV_PCS_2025,BPCL,Govt.,Gujarat,CHHOTAUDEPUR,BODELI,"ALIKHERWA, BODELI JAMBUGODHA ROAD, , City=BODELI,",22.284372,73.718772,CCS,60.0,60,2
BEE_EV_PCS_2025,BPCL,Govt.,Gujarat,ANAND,KARAMSAD,"ANAND-KARAMSAD ROAD, NEAR MEDICAL COLLAGE, , City=KARAMSAD,",22.542733,72.904587,LEV DC,15.0,7,1
BEE_EV_PCS_2025,BPCL,Govt.,Gujarat,VADODARA,VADODARA,"ASHOK TRAVELS COMPOUND,, OPP. NEW HARNI OCTROI NAKA,, ,",22.349103,73.226967,CCS,60.0,60,2
BEE_EV_PCS_2025,BPCL,Govt.,Gujarat,SURAT,BAGUMARA,"AT & PO BEGUMARA, SURAT DHULIYA NH6, , City=BAGUMARA,",21.157499,73.000524,CCS,60.0,60,2
BEE_EV_PCS_2025,BPCL,Govt.,Gujarat,Mahesana,VISNAGAR,"AT & POST ALODA, MEHSANA, , City=VISNAGAR, District=MEHSANA,",23.588121,72.377407,CCS,30.0,30,1
BEE_EV_PCS_2025,BPCL,Govt.,Gujarat,BANAS KANTHA,BHILADI,"AT & POST BHILADI, PALANPUR KANDLA HIGHWAY, , City=BHILADI,",24.194216,72.021489,CCS,60.0,60,2
BEE_EV_PCS_2025,BPCL,Govt.,Gujarat,Mahesana,KADI,"AT & POST BUDHASAN, KADI-CHATRAL ROAD, , City=KADI,",23.283495,72.378828,CCS,60.0,60,2
BEE_EV_PCS_2025,BPCL,Govt.,Gujarat,BANAS KANTHA,PALANPUR,"AT & POST CHADOTAR, PALANPUR KANDLA HIGHWAY NH14, ,",24.18759,72.385757,CCS,60.0,60,2
BEE_EV_PCS_2025,BPCL,Govt.,Gujarat,BANAS KANTHA,GODHA,"AT & POST GODHA, DEESA THARAD HIGHWAY, , City=GODHA,",24.280288,72.013613,CCS,60.0,60,2
BEE_EV_PCS_2025,BPCL,Govt.,Gujarat,PATAN,PATAN,"AT & POST MANDOTRI UNJHA ROAD, TAL PATAN, , City=PATAN,",23.843702,72.187882,CCS,60.0,60,2
BEE_EV_PCS_2025,BPCL,Govt.,Gujarat,Mahesana,Satlasana,"AT & POST SARTANPUR, SH56 MEHSANA AMBAJI HIGHWAY, ,",24.025889,72.790162,CCS,60.0,60,2
BEE_EV_PCS_2025,BPCL,Govt.,Gujarat,BANAS KANTHA,SUIGAM,"AT & POST SUIGAM, THARAD KANDLA HIGHWAY NH15, , City=SUIGAM,",24.169744,71.367317,CCS,60.0,60,2
BEE_EV_PCS_2025,BPCL,Govt.,Gujarat,Mahesana,VIJAPUR,"AT & POST VIJAPUR, TALUKA VIJAPUR DISTT MEHSANA, , City=VIJAPUR,",23.559822,72.762834,CCS,60.0,60,2
BEE_EV_PCS_2025,BPCL,Govt.,Gujarat,KHEDA,"AMSARAN, TAL.","AT AMSARAN, TAL. MEHAMADABAD, KHATRAJ-AHMEDABAD ROAD SH-3, ,",22.865609,72.745669,CCS,60.0,60,2
BEE_EV_PCS_2025,BPCL,Govt.,Gujarat,AMRELI,RAJULA,"AT KAGVADAR, ON NH8E BETWEEN RAJULA TO UNA, , City=RAJULA,",20.97651,71.399858,CCS,60.0,60,2
BEE_EV_PCS_2025,BPCL,Govt.,Gujarat,ARVALLI,ARAVALLI,"AT KHERANCHA,SR NO 296 PO KHERANCHA, TAL.BHILODA, , City=ARAVALLI,",23.653452,73.348793,CCS,60.0,60,2
BEE_EV_PCS_2025,BPCL,Govt.,Gujarat,BANAS KANTHA,KHODA,"AT VILLAGE KHODA, TA. THARAD, , City=KHODA, District=BANAS KANTHA,",24.655662,71.762987,CCS,30.0,30,1
BEE_EV_PCS_2025,BPCL,Govt.,Gujarat,PATAN,SANTALPUR,"AT VILLAGE SIDHADA, RADHANPUR-KANDLA HW, , City=SANTALPUR,",23.803939,71.38673,CCS,30.0,30,1
BEE_EV_PCS_2025,BPCL,Govt.,Gujarat,PATAN,SANTALPUR,"AT&PO BABRA TA-SANTALPUR, DIST-PATAN, , City=SANTALPUR,",23.796005,71.26883,CCS,30.0,30,1
BEE_EV_PCS_2025,BPCL,Govt.,Gujarat,BANAS KANTHA,VADGAM,"AT&POST, #, , City=VADGAM, District=BANAS KANTHA, State=Gujarat",23.97433,72.528557,CCS,60.0,60,2
BEE_EV_PCS_2025,BPCL,Govt.,Gujarat,VALSAD,ATUL,"ATUL 1ST GATE, PARNERA, , City=ATUL, District=VALSAD, GUJARAT,",20.545787,72.958155,CCS,60.0,60,2
BEE_EV_PCS_2025,BPCL,Govt.,Gujarat,VALSAD,UDWADA,"BAGWADA TOLL TAX AT POST TIGHRA, NH8 TIGHRA VIA BAGWADA, ,",20.437834,72.91792,CCS,60.0,60,2
BEE_EV_PCS_2025,BPCL,Govt.,Gujarat,AHMEDABAD,AHMEDABAD,"BETWEEN ASLALI - KAMOD, KAMOD, , City=AHMEDABAD,",23.104035,72.566553,CCS,30.0,30,1
BEE_EV_PCS_2025,BPCL,Govt.,Gujarat,Kachchh,BHADRESHWAR,"BHADRESHWAR VADALA ROAD, BHADRESHWAR VADALA ROAD, ,",22.903123,69.882252,CCS,60.0,60,2
BEE_EV_PCS_2025,BPCL,Govt.,Gujarat,JAMNAGAR,LATIPUR,"BHARAT PETROLEUM DEALERS, LATIPUR, , City=LATIPUR,",22.617636,70.54947,CCS,60.0,60,2
BEE_EV_PCS_2025,BPCL,Govt.,Gujarat,SURAT,SURAT,"BHATHA PAL, SURAT, , City=SURAT, District=SURAT, State=Gujarat",21.181703,72.763583,CCS,60.0,60,2
BEE_EV_PCS_2025,BPCL,Govt.,Gujarat,NAVSARI,TANKAL,"BLOCK NO 1125A, VILLAGE TANKAL, TALUKA CHIKHLI, , City=TANKAL,",20.860463,73.126547,CCS,60.0,60,2
BEE_EV_PCS_2025,BPCL,Govt.,Gujarat,TAPI,PANKHRI,"BLOCK NO. 29, NH 53, , City=PANKHRI, District=TAPI, State=Gujarat",21.178828,73.581029,CCS,30.0,30,1
BEE_EV_PCS_2025,BPCL,Govt.,Gujarat,VALSAD,VALSAD,"BLOCK NO. 295 & 297, NH-8, VILLAGE ROLA, TALUKA VALSAD, ,",20.698988,72.983263,CCS,30.0,30,1
BEE_EV_PCS_2025,BPCL,Govt.,Gujarat,NAVSARI,TAL GANDEVI,"BLOCK NO. 630, SH-88,, NAVSARI GANDEVI ROAD,, , City=TAL GANDEVI,",20.858512,72.981066,CCS,60.0,60,2
BEE_EV_PCS_2025,BPCL,Govt.,Gujarat,NAVSARI,"NAVSARI-MAROLI ROAD BLOCK NO.112, VILLAGE TANKOLI, TALUKA JALALPORE,, ,",,20.9905,72.93103,CCS,60.0,60,2
BEE_EV_PCS_2025,BPCL,Govt.,Gujarat,SURAT,PALSANA,"BLOCK NO.198, SNO 223, TALUKA PALSANA, , City=PALSANA,",21.088785,72.998275,CCS,60.0,60,2
BEE_EV_PCS_2025,BPCL,Govt.,Gujarat,NAVSARI,PADGHA,"BLOCK NO.568/2. NH-8, NEAR DHOLAPIPLA, VIA-AMADPORE, ,",20.995446,72.968866,CCS,60.0,60,2
BEE_EV_PCS_2025,BPCL,Govt.,Gujarat,GANDHINAGAR,SIHOLI MOTI,"MOTI, District=GANDHINAGAR, State=Gujarat",23.230018,72.723832,CCS,60.0,60,2
BEE_EV_PCS_2025,BPCL,Govt.,Gujarat,SURENDRANAGAR,CHOTILA,"BPCL DEALERS, BPCL DEALERS,NH 8A- RAJKOT-AHMEDABA, , City=CHOTILA,",22.421221,71.184052,CCS,60.0,60,2
BEE_EV_PCS_2025,BPCL,Govt.,Gujarat,BHAVNAGAR,BUDHEL,"BUDHEL-VARTEJ BYPASS CHOKDI, BUDHEL, , City=BUDHEL,",21.693609,72.148009,CCS,60.0,60,2
BEE_EV_PCS_2025,BPCL,Govt.,Gujarat,JUNAGADH,JUNAGADH,"BYPASS ROAD, NEAR ZANZARDA CHOWKDI, VILLAGE-ZANZARDA",21.530273,70.433987,CCS,30.0,30,1
BEE_EV_PCS_2025,BPCL,Govt.,Gujarat,AMRELI,CHALALA,"CHALALA-KHAMBHA ROAD, CHALALA, , City=CHALALA, District=AMRELI,",21.388582,71.183097,CCS,60.0,60,2
BEE_EV_PCS_2025,BPCL,Govt.,Gujarat,Kachchh,CHANDRODA,"CHANDRODA, CHANDRODA, , City=CHANDRODA, District=KUTCH,",23.016209,69.868976,CCS,30.0,30,1
BEE_EV_PCS_2025,BPCL,Govt.,Gujarat,VADODARA,VADODARA,"CITY SURVEY NO. 1125 AND 1126, VILLAGE -ATLADRA, , City=VADODARA,",22.280323,73.153059,CCS,60.0,60,2
BEE_EV_PCS_2025,BPCL,Govt.,Gujarat,BHARUCH,ANKALESHWAR,"COMMON PLOT NO C/8/2, GIDC, VILLAGE PIRAMAN, , City=ANKALESHWAR,",21.61537,73.005867,CCS,60.0,60,2
BEE_EV_PCS_2025,BPCL,Govt.,Gujarat,VADODARA,DABHOI,"DABHOI, NEAR CANAL, , City=DABHOI, District=VADODARA, State=Gujarat",22.121434,73.407056,CCS,60.0,60,2
BEE_EV_PCS_2025,BPCL,Govt.,Gujarat,DAHOD,ZALOD,"DAHOD-ZALOD ROAD, DAHOD, , City=ZALOD, District=DAHOD, State=Gujarat",23.121736,74.194453,CCS,60.0,60,2
BEE_EV_PCS_2025,BPCL,Govt.,Gujarat,VADODARA,DASHRATH,"DASHRATH, NH-8, , City=DASHRATH, District=VADODARA, State=Gujarat",22.39272,73.143129,CCS,60.0,60,2
BEE_EV_PCS_2025,BPCL,Govt.,Gujarat,BHAVNAGAR,DEVALIYA,"DEVALIYA, DEVALIYA RAJULA HIGHWAY, , City=DEVALIYA,",21.055843,71.721089,CCS,60.0,60,2
BEE_EV_PCS_2025,BPCL,Govt.,Gujarat,BANAS KANTHA,THAVAR,"DHANERA - NENEVA ROAD, #, , City=THAVAR, District=BANAS KANTHA,",24.526652,72.009008,CCS,60.0,60,2
BEE_EV_PCS_2025,BPCL,Govt.,Gujarat,MORBI,MORBI,"DHARAMPUR, MORBI, , City=MORBI, District=MORBI, State=Gujarat",22.869488,70.835042,CCS,60.0,60,2
BEE_EV_PCS_2025,BPCL,Govt.,Gujarat,DEVBHUMI DWARKA,MOJAP,"DWARKA OKHA HIGHWAY, MOJAP(MITHAPUR), , City=MOJAP,",22.365069,68.978933,CCS,60.0,60,2
BEE_EV_PCS_2025,BPCL,Govt.,Gujarat,AHMEDABAD,AHMEDABAD,"FP NO. 351 TP SCHEME 1/8, BODAKDEV, , City=AHMEDABAD,",23.03836,72.51337,CCS,60.0,60,2
BEE_EV_PCS_2025,BPCL,Govt.,Gujarat,SURAT,SURAT,"FP NO.154, ADAJAN, NEW RANDHER RD,, NR. MEGABYTE RESTAURANT, ,",21.204298,72.788972,LEV DC,15.0,7,1
BEE_EV_PCS_2025,BPCL,Govt.,Gujarat,NAVSARI,RUMLA,"FUDVEL - PANIKHADAK ROAD, VILLAGE - RUMLA, , City=RUMLA,",20.68405,73.170021,CCS,60.0,60,2
BEE_EV_PCS_2025,BPCL,Govt.,Gujarat,Sabar Kantha,SARAVANA,"GAMBHOI-BHILODA HW SH-143, AT-SARWANA, POST-GAMBHOI, ,",23.606074,73.098513,CCS,60.0,60,2
BEE_EV_PCS_2025,BPCL,Govt.,Gujarat,ANAND,ANAND,"GAMDI, ANAND EXPRESSWAY LINK, DIST ANAND, , City=ANAND,",22.58342,72.97194,CCS,60.0,60,2
BEE_EV_PCS_2025,BPCL,Govt.,Gujarat,Mahesana,VISNAGAR,"GANDHINAGAR-VIJAPUR ROAD, KADA CHAR RASTA, , City=VISNAGAR,",23.684843,72.552886,CCS,60.0,60,2
BEE_EV_PCS_2025,BPCL,Govt.,Gujarat,DAHOD,GARBADA,"GARBADA, GARBADA, , City=GARBADA, District=DAHOD, State=Gujarat",22.6858,74.3159,CCS,60.0,60,2
BEE_EV_PCS_2025,BPCL,Govt.,Gujarat,RAJKOT,GHOGHAVADAR,"GONDAL CITY, GONDAL ATKOT HIGHWAY, , City=GHOGHAVADAR,",21.958671,70.819057,CCS,60.0,60,2
BEE_EV_PCS_2025,BPCL,Govt.,Gujarat,VALSAD,GUNDLAV,"GUNDLAV, DIST. VALSAD, , City=GUNDLAV, District=VALSAD, State=Gujarat",20.62672,72.958627,CCS,30.0,30,1
BEE_EV_PCS_2025,BPCL,Govt.,Gujarat,AHMEDABAD,AHMEDABAD,"HATHIJAN TO ASLALICIRCLE, VATVA, , City=AHMEDABAD,",22.55527,72.36385,CCS,60.0,60,2
BEE_EV_PCS_2025,BPCL,Govt.,Gujarat,BANAS KANTHA,DANTA,"HIGHWAY ROAD DANTA, #, , City=DANTA, District=BANAS KANTHA,",24.179447,72.748923,CCS,60.0,60,2
BEE_EV_PCS_2025,BPCL,Govt.,Gujarat,AMRELI,KADIYALI,"IN AND AROUND 5 KMS FROM KADIYALI, TOWARDS PIPAVAV NH8E, ,",21.010493,71.497622,CCS,60.0,60,2
BEE_EV_PCS_2025,BPCL,Govt.,Gujarat,AHMEDABAD,IYAVA,"IYAVA- VASANA, IYAVA, , City=IYAVA, District=AHMEDABAD, State=Gujarat",23.016035,72.334873,CCS,60.0,60,2
BEE_EV_PCS_2025,BPCL,Govt.,Gujarat,JAMNAGAR,VASAI,"JAMNAGAR DWARIKA HIGHWAY, VASAI, , City=VASAI, District=JAMNAGAR,",22.436404,69.959021,CCS,60.0,60,2
BEE_EV_PCS_2025,BPCL,Govt.,Gujarat,DEVBHUMI DWARKA,NANDANA,"JAMNAGAR DWARKA HIGHWAY, NANDANA, , City=NANDANA,",22.133925,69.287136,CCS,60.0,60,2
BEE_EV_PCS_2025,BPCL,Govt.,Gujarat,JAMNAGAR,KHIZADIYA,"JAMNAGAR RAJKOT HIGHWAY, NEAR KHIZADIYA, , City=KHIZADIYA,",22.496869,70.172903,CCS,60.0,60,2
BEE_EV_PCS_2025,BPCL,Govt.,Gujarat,JAMNAGAR,DHROLL,"JAMNAGAR RAJKOT ROAD, JAMNAGAR RAJKOT ROAD, , City=DHROLL,",22.561829,70.419146,CCS,60.0,60,2
BEE_EV_PCS_2025,BPCL,Govt.,Gujarat,JAMNAGAR,DHROL,"JAYVA,ON SH-25, RAJKOT-JAMNAGAR HIGHWAY, , City=DHROL,",22.523569,70.48016,CCS,60.0,60,2
BEE_EV_PCS_2025,BPCL,Govt.,Gujarat,KHEDA,KAJIPURA,"KAJIPURA, ON AHMEDABAD-MUMBAI NH, , City=KAJIPURA, District=KHEDA,",22.780422,72.642239,CCS,60.0,60,2
BEE_EV_PCS_2025,BPCL,Govt.,Gujarat,AHMEDABAD,AHMEDABAD,"KAMOD-PIPLAJ ROAD, NR GAAY CIRCLE SPRR, , City=AHMEDABAD,",22.937068,72.547898,CCS,60.0,60,2
BEE_EV_PCS_2025,BPCL,Govt.,Gujarat,VADODARA,VADODARA,"KAPURAI CHOWKADI, NEAR KANHA ICON, , City=VADODARA,",22.277366,73.241148,CCS,60.0,60,2
BEE_EV_PCS_2025,BPCL,Govt.,Gujarat,GIR SOMNATH,KODINAR,"SOMNATH, State=Gujarat",20.796175,70.730709,CCS,60.0,60,2
BEE_EV_PCS_2025,BPCL,Govt.,Gujarat,AHMEDABAD,KUHA,"KUHA ON NH-59, INDORE HIGHWAY, , City=KUHA, District=AHMEDABAD,",22.999772,72.787291,CCS,60.0,60,2
BEE_EV_PCS_2025,BPCL,Govt.,Gujarat,Kachchh,KUKMA,"KUKMA, #, , City=KUKMA, District=KUTCH, State=Gujarat",23.229975,69.758707,CCS,60.0,60,2
BEE_EV_PCS_2025,BPCL,Govt.,Gujarat,Kachchh,LAKADIYA,"LAKADIYA, LAKADIYA, , City=LAKADIYA, District=KUTCHCHH, State=Gujarat",23.328022,70.55061,CCS,30.0,30,1
BEE_EV_PCS_2025,BPCL,Govt.,Gujarat,PATAN,LALPUR,"LALPUR, KHALI CHAR RASTA, LALPUR, , City=LALPUR, District=PATAN,",23.896514,72.370177,CCS,60.0,60,2
BEE_EV_PCS_2025,BPCL,Govt.,Gujarat,RAJKOT,LIALPUR,"LILAPUR, ON JASDAN VINCHIYA RO, , City=LIALPUR, District=RAJKOT,",22.116135,71.290721,CCS,60.0,60,2
BEE_EV_PCS_2025,BPCL,Govt.,Gujarat,BHAVNAGAR,MAHUVA,"LONGDI, NH 51, , City=MAHUVA, District=BHAVNAGAR, State=Gujarat",21.2109,71.8859,CCS,60.0,60,2
BEE_EV_PCS_2025,BPCL,Govt.,Gujarat,MORBI,MADHAPAR,"MADHAPAR, SR NO 1320P1P2, NR MANGAR, PASS SHANALA ROAD, MORBI,",22.819537,70.810177,CCS,60.0,60,2
BEE_EV_PCS_2025,BPCL,Govt.,Gujarat,RAJKOT,MAHIKA THORALA,"MAHIKA THORALA,SH-25, RAJKOT, , City=MAHIKA THORALA,",22.275878,70.857698,CCS,60.0,60,2
BEE_EV_PCS_2025,BPCL,Govt.,Gujarat,MORBI,MORBI,"MAKANSAR - MORBI - WANKANER NH-8A, RHS MILE STONE 225 TO 235, ,",22.746675,70.923631,CCS,60.0,60,2
BEE_EV_PCS_2025,BPCL,Govt.,Gujarat,JUNAGADH,MAKTUPUR,"MAKTUPUR, MAKTUPUR, , City=MAKTUPUR, District=JUNAGADH,",21.142693,70.090445,CCS,60.0,60,2
BEE_EV_PCS_2025,BPCL,Govt.,Gujarat,PORBANDAR,PORBANDAR,"MANDHAVPUR,ON NH 8E, PORBANDAR, , City=PORBANDAR,",21.256819,69.967323,CCS,60.0,60,2
BEE_EV_PCS_2025,BPCL,Govt.,Gujarat,BHAVNAGAR,MOTA SURKA,"MOTA SURKA, MOTA SURKA, , City=MOTA SURKA, District=BHAVNAGAR,",21.715985,71.91176,CCS,60.0,60,2
BEE_EV_PCS_2025,BPCL,Govt.,Gujarat,PATAN,PATAN,"MOTIPIPLI, #, , City=PATAN, District=PATAN, State=Gujarat",23.813175,71.537336,CCS,60.0,60,2
BEE_EV_PCS_2025,BPCL,Govt.,Gujarat,NAVSARI,NAVSARI,"N.H. 48 (OLD N.H. 8), NEAR BORIACH TOLL PLAZA, , City=NAVSARI,",20.895906,73.044161,CCS,60.0,60,2
BEE_EV_PCS_2025,BPCL,Govt.,Gujarat,RAJKOT,RIBDA,"N.H. 8 B, #, , City=RIBDA, District=RAJKOT, State=Gujarat",22.126001,70.779787,CCS,30.0,30,1
BEE_EV_PCS_2025,BPCL,Govt.,Gujarat,SURENDRANAGAR,Nana Madhad,"NANA MADHAD, SAYLA, , City=NANA MADHAD, District=SURENDRANAGAR,",22.541432,71.546746,CCS,60.0,60,2
BEE_EV_PCS_2025,BPCL,Govt.,Gujarat,JAMNAGAR,NANA VAGUDAD,"NANA VAGUDAD, NANA VAGUDAD, , City=NANA VAGUDAD,",22.608148,70.475727,CCS,60.0,60,2
BEE_EV_PCS_2025,BPCL,Govt.,Gujarat,MORBI,CHANDRAPUR,"NATIONAL HIGHWAY 8-A, SURVEY NO. 178 P8 P1 CHANDRAPUR, ,",22.58989,70.975438,CCS,60.0,60,2
BEE_EV_PCS_2025,BPCL,Govt.,Gujarat,GIR SOMNATH,JUNAGADH,"NATIONAL HIGHWAY 8-D, SUPASI, VIA SHERBAUG, , City=JUNAGADH,",20.991125,70.312037,CCS,30.0,30,1
BEE_EV_PCS_2025,BPCL,Govt.,Gujarat,JUNAGADH,JUNAGADH,"NATIONAL HIGHWAY, 8D, JUNAGADH BYPASS, SARAGWADA, ,",21.579125,70.456677,CCS,60.0,60,2
BEE_EV_PCS_2025,BPCL,Govt.,Gujarat,RAJKOT,GONDAL,"NEAR ASHAPURA FARM, RAJKOT PORBANDAR HIGHWAY, , City=GONDAL,",22.03236,70.78707,CCS,30.0,30,1
BEE_EV_PCS_2025,BPCL,Govt.,Gujarat,ANAND,BHAREL,"NEAR BOCHASAN, AT BORSAD TO DHARMAJ ROAD, , City=BHAREL,",22.419844,72.91062,CCS,60.0,60,2
BEE_EV_PCS_2025,BPCL,Govt.,Gujarat,AHMEDABAD,AHMEDABAD,"NEAR CITY GOLD CINEMA, NUTAN MILL COMPOUND, , City=AHMEDABAD,",23.036885,72.613911,LEV DC,15.0,7,1
BEE_EV_PCS_2025,BPCL,Govt.,Gujarat,AHMEDABAD,AHMEDABAD,"NEAR CITY GOLD CINEMA, NUTAN MILL COMPOUND, , City=AHMEDABAD,",23.036885,72.613911,CCS,60.0,60,2
BEE_EV_PCS_2025,BPCL,Govt.,Gujarat,AHMEDABAD,BAREJA,"NEAR EYE HOSPITAL, OPP HOTEL PRAGATI, , City=BAREJA,",22.8488,72.598751,CCS,30.0,30,1
BEE_EV_PCS_2025,BPCL,Govt.,Gujarat,BANAS KANTHA,AMBAJI,"NEAR GABBAR NAKA, ABU ROAD HIGHWAY, NEAR GABBAR NAKA, ABU",24.338553,72.845728,CCS,60.0,60,2
BEE_EV_PCS_2025,BPCL,Govt.,Gujarat,JUNAGADH,VANTHALI,"NEAR JILA PANCHAYAT GUEST HOUSE, VANTHALI MANAVADAR ROAD, ,",21.483011,70.331069,CCS,60.0,60,2
BEE_EV_PCS_2025,BPCL,Govt.,Gujarat,AHMEDABAD,AHMEDABAD,"NEAR JODHPUR CHAR RASTA, JODHPUR TEKRA, , City=AHMEDABAD,",23.0266,72.526092,LEV DC,15.0,7,1
BEE_EV_PCS_2025,BPCL,Govt.,Gujarat,GANDHINAGAR,PETHAPUR,"NEAR K-7 CIRCLE, MANSA ROAD, RANDHEJA, , City=PETHAPUR,",23.261206,72.641854,CCS,60.0,60,2
BEE_EV_PCS_2025,BPCL,Govt.,Gujarat,VADODARA,VADODARA,"NEAR KIRTI MANDIR, RAOPURA ROAD, , City=VADODARA,",22.307922,73.189855,CCS,60.0,60,2
BEE_EV_PCS_2025,BPCL,Govt.,Gujarat,AMRELI,AMRELI,"NEAR MARKETING YARD, AMRELI-SAVARKUNDLA ROAD, , City=AMRELI,",21.540469,71.232943,CCS,60.0,60,2
BEE_EV_PCS_2025,BPCL,Govt.,Gujarat,PANCH MAHALS,BASKA,"NEAR NIRMAN PETROLEUM, OPPOSITE HOTEL SARVOTTAM, , City=BASKA,",22.463733,73.440959,CCS,60.0,60,2
BEE_EV_PCS_2025,BPCL,Govt.,Gujarat,PANCH MAHALS,HALOL,"NEAR PAWAGARH TEMPLE ROAD, HALOL-BODELI SH, , City=HALOL,",22.48084,73.540913,CCS,60.0,60,2
BEE_EV_PCS_2025,BPCL,Govt.,Gujarat,PANCH MAHALS,ALINDRA,"NEAR PP CHAUHAN BCA COLLEGE, STATE HIGHWAY-5, , City=ALINDRA,",22.598728,73.451189,CCS,60.0,60,2
BEE_EV_PCS_2025,BPCL,Govt.,Gujarat,JUNAGADH,MANAVADAR,"NEAR VINAYAK GINNING, BHALECHADA, , City=MANAVADAR,",21.501552,70.16371,CCS,60.0,60,2
BEE_EV_PCS_2025,BPCL,Govt.,Gujarat,BHAVNAGAR,MAHUVA,"NESWAD, MAHUVA, , City=MAHUVA, District=BHAVNAGAR, State=Gujarat",21.105395,71.75706,CCS,60.0,60,2
BEE_EV_PCS_2025,BPCL,Govt.,Gujarat,RAJKOT,KUVADWA,"NH - 8 B, KUVADWA ROAD, KUVADWA ROAD, , City=KUVADWA,",22.35298,70.931562,CCS,60.0,60,2
BEE_EV_PCS_2025,BPCL,Govt.,Gujarat,BANAS KANTHA,THARA,"NH 14 THARA, #, , City=THARA, District=BANAS KANTHA, State=Gujarat",23.957288,71.809355,CCS,30.0,30,1
BEE_EV_PCS_2025,BPCL,Govt.,Gujarat,BANAS KANTHA,KHIMANA,"NH 27 AT & POST KHIMANA, TALUKA KANKREJ DISTT BANASKANTH, ,",24.100449,71.937403,CCS,60.0,60,2
BEE_EV_PCS_2025,BPCL,Govt.,Gujarat,BHARUCH,BHARUCH,"NH 48, BHARUCH - VADODARA HIGHWAY, OPPOSITE GURUDWARA,",21.754378,73.018377,CCS,30.0,30,1
BEE_EV_PCS_2025,BPCL,Govt.,Gujarat,SURENDRANAGAR,CHOTILA,"NH 8 A, S.NO.66, VILLAGE SHAPAR, SHAPAR, , City=CHOTILA,",22.476984,71.279983,CCS,30.0,30,1
BEE_EV_PCS_2025,BPCL,Govt.,Gujarat,RAJKOT,BHUTWARD,"NH 8 B, DHORAJI, , City=BHUTWARD, District=RAJKOT, State=Gujarat",21.740263,70.491682,CCS,30.0,30,1
BEE_EV_PCS_2025,BPCL,Govt.,Gujarat,KHEDA,BORIAVI,"NH 8 BORIAVI CROSSING, ANAND-AHMEDABAD ROAD, , City=BORIAVI,",22.625717,72.920852,CCS,60.0,60,2
BEE_EV_PCS_2025,BPCL,Govt.,Gujarat,SURAT,KOSMADIPATIA,"NH 8, VALTHAN, NH 8, , City=KOSMADIPATIA, District=SURAT, State=Gujarat",21.216322,72.969073,CCS,60.0,60,2
BEE_EV_PCS_2025,BPCL,Govt.,Gujarat,SURENDRANAGAR,CHOTILA,"NH 8A- RAJKOT-AHMEDABAD HIGHWAY, VILLAGE NANI MOLDI, ,",22.421185,71.180699,CCS,60.0,60,2
BEE_EV_PCS_2025,BPCL,Govt.,Gujarat,Kachchh,MOTI CHIR,"NH 8A, MOTI CHIRAI, VILLAGE-MOTICHIRAI, , City=MOTI CHIR,",23.22452,70.266537,CCS,30.0,30,1
BEE_EV_PCS_2025,BPCL,Govt.,Gujarat,RAJKOT,MALIASAN,"NH.8-B, NH 8B,MALIASAN, , City=MALIASAN, District=RAJKOT, State=Gujarat",22.326867,70.862351,CCS,60.0,60,2
BEE_EV_PCS_2025,BPCL,Govt.,Gujarat,PORBANDAR,KANDORNA,"NH-27 ON PORBADAR RAJKOT ROAD, P.O.RANA KANDORNA, TAL.RANAVAV,",21.651312,69.864069,CCS,30.0,30,1
BEE_EV_PCS_2025,BPCL,Govt.,Gujarat,RAJKOT,NILAKHA,"NH-27, NILAKHA, , City=NILAKHA, District=RAJKOT, State=Gujarat",21.702286,70.177958,CCS,30.0,30,1
BEE_EV_PCS_2025,BPCL,Govt.,Gujarat,RAJKOT,VIRPUR,"NH-27, VIRPUR, JETPUR, , City=VIRPUR, District=RAJKOT, State=Gujarat",21.830379,70.684646,CCS,60.0,60,2
BEE_EV_PCS_2025,BPCL,Govt.,Gujarat,SURAT,DHAMDOD,"NH-48, TALUKA - MANGROL, , City=DHAMDOD, District=SURAT,",21.506731,73.004259,CCS,60.0,60,2
BEE_EV_PCS_2025,BPCL,Govt.,Gujarat,DAHOD,DAHOD,"NH-59,AHMEDABAD - INDORE HIGHWAY, RABDAL VILLAGE, , City=DAHOD,",22.825791,74.229482,CCS,30.0,30,1
BEE_EV_PCS_2025,BPCL,Govt.,Gujarat,ANAND,ANAND,"NH-64, VILLAGE ADAS, DISTRICT ANAND, , City=ANAND, District=ANAND,",22.520469,73.013502,CCS,30.0,30,1
BEE_EV_PCS_2025,BPCL,Govt.,Gujarat,JUNAGADH,VANTHALI,"NH-8D, SURVEY NO.795/2, VANTHLI, NEAR ST BUS STAND, , City=VANTHALI,",21.472057,70.331678,CCS,60.0,60,2
BEE_EV_PCS_2025,BPCL,Govt.,Gujarat,RAJKOT,JETASAR,"NH-8D, SURVEY NO-246/2, TQJETPUR, JETPUR, , City=JETASAR,",21.719364,70.590513,CCS,60.0,60,2
BEE_EV_PCS_2025,BPCL,Govt.,Gujarat,DEVBHUMI DWARKA,BHOGAT,"NH8E, BHOGAT, TALUKA-JAMKALYANPUR, , City=BHOGAT,",21.980566,69.250879,CCS,30.0,30,1
BEE_EV_PCS_2025,BPCL,Govt.,Gujarat,MORBI,MORBI,"NICHI MANDAL, NICHI MANDAL, , City=MORBI, District=MORBI,",22.857955,70.950863,CCS,60.0,60,2
BEE_EV_PCS_2025,BPCL,Govt.,Gujarat,SURENDRANAGAR,SURENDRANAGAR,"NIMAKNAGAR CHOWKDI, KUDA, TALUKA DHRANGADHRA, ,",23.130082,71.3949,CCS,60.0,60,2
BEE_EV_PCS_2025,BPCL,Govt.,Gujarat,BOTAD,DHASSA,"NR DHASSA CHOKDI, BHAVNAGAR RAJKOT HW, , City=DHASSA,",21.803228,71.523438,CCS,60.0,60,2
BEE_EV_PCS_2025,BPCL,Govt.,Gujarat,TAPI,GUNSADA,"NR. NTPC THERMAL POWER PLANT, SONGADH UKAI ROAD, , City=GUNSADA,",21.1951,73.5705,CCS,60.0,60,2
BEE_EV_PCS_2025,BPCL,Govt.,Gujarat,AHMEDABAD,AHMEDABAD,"NR. STADIUM, NAVRANGPURA, , City=AHMEDABAD, District=AHMEDABAD,",23.044506,72.560945,LEV DC,15.0,7,1
BEE_EV_PCS_2025,BPCL,Govt.,Gujarat,JAMNAGAR,JAMBUDA,"NR.SAHYOG HOTEL, JAMNAGAR RAJKOT HIGHWAY, , City=JAMBUDA,",22.500436,70.19174,CCS,60.0,60,2
BEE_EV_PCS_2025,BPCL,Govt.,Gujarat,VADODARA,SARASWANI,"ON DELHI-MUMBAI EXPRESSWAY (CH-346), VILL SARASWANI, LHS DELHI TO",22.212384,73.101639,CCS,60.0,60,2
BEE_EV_PCS_2025,BPCL,Govt.,Gujarat,VADODARA,GORIYAD,"ON DELHI-MUMBAI EXPRESSWAY (CH-347), VILL GORIYAD, RHS DELHI TO",22.208228,73.103072,CCS,60.0,60,2
BEE_EV_PCS_2025,BPCL,Govt.,Gujarat,PATAN,CHANASMA,"ON MEHSANA-CHANSAMA HIGHWAY, CHANASAMA, , City=CHANASMA,",23.71921,72.10903,CCS,60.0,60,2
BEE_EV_PCS_2025,BPCL,Govt.,Gujarat,PATAN,CHANSAMA,"ON MEHSANA-CHANSAMA HIGHWAY, VILLAGE- PIMPAL, , City=CHANSAMA,",23.635113,72.248223,CCS,60.0,60,2
BEE_EV_PCS_2025,BPCL,Govt.,Gujarat,DEVBHUMI DWARKA,KURANGA,"ON NH-8E,KURANGA, DWARKA-PORBANDAR HIGHWAY, , City=KURANGA,",22.068063,69.14961,CCS,30.0,30,1
BEE_EV_PCS_2025,BPCL,Govt.,Gujarat,PORBANDAR,MOCHA,"ON NH-8E,MOCHA, PORBANDAR, , City=MOCHA, District=PORBANDAR,",21.33789,69.894733,CCS,60.0,60,2
BEE_EV_PCS_2025,BPCL,Govt.,Gujarat,JAMNAGAR,JOGVAD,"ON SH -25, JOGVAD, ON SH -25, JOGVAD, , City=JOGVAD,",22.359256,69.833607,CCS,60.0,60,2
BEE_EV_PCS_2025,BPCL,Govt.,Gujarat,MORBI,ANIYARI,"ON SH,BETWEEN GHANTILA TO ANIYARI, SH-07, , City=ANIYARI,",23.043312,70.904188,CCS,60.0,60,2
BEE_EV_PCS_2025,BPCL,Govt.,Gujarat,BHARUCH,BHARUCH,"OPP APMC BHARUCH, BHARUCH-JAMBUSAR ROAD, , City=BHARUCH,",21.69842,72.96964,CCS,60.0,60,2
BEE_EV_PCS_2025,BPCL,Govt.,Gujarat,ARVALLI,MODASSA,"OPP DEVRAJ MANDIR, SHAMLAJI GODHRA, GANESHPUR, , City=MODASSA,",23.480725,73.303067,CCS,60.0,60,2
BEE_EV_PCS_2025,BPCL,Govt.,Gujarat,KHEDA,PADAL,"OPP FULBAI MATA MANDIR, NH 47, P.O SONIPUR, TAL. GALTESHWAR, ,",22.846854,73.336492,CCS,60.0,60,2
BEE_EV_PCS_2025,BPCL,Govt.,Gujarat,AHMEDABAD,AHMEDABAD,"OPP ONGC GATE, SABARMATI, , City=AHMEDABAD, District=AHMEDABAD,",23.08934,72.59051,LEV DC,15.0,7,1
BEE_EV_PCS_2025,BPCL,Govt.,Gujarat,AHMEDABAD,AHMEDABAD,"OPP ONGC GATE, SABARMATI, , City=AHMEDABAD, District=AHMEDABAD,",23.08934,72.59051,CCS,60.0,60,2
BEE_EV_PCS_2025,BPCL,Govt.,Gujarat,AHMEDABAD,SANAND,"OPP TATA WORKSHOP, NEAR SANAND, , City=SANAND,",22.985994,72.405617,CCS,60.0,60,2
BEE_EV_PCS_2025,BPCL,Govt.,Gujarat,Mahesana,MEHSANA,"OPP. PRAMUKH ENCLAVE, NAGALPUR, AHMEDABAD HIGHWAY, ,",23.580421,72.369557,CCS,60.0,60,2
BEE_EV_PCS_2025,BPCL,Govt.,Gujarat,SURAT,SURAT,"OPP. PRANNATH HOSPITAL,, NR. NANI BAHUCHARAJI MANDIR,, ,",21.215922,72.822472,LEV DC,15.0,7,1
BEE_EV_PCS_2025,BPCL,Govt.,Gujarat,Mahesana,AMIPURA,"OPP.WATER PARK, MEHSANA-AHMEDABAD HW,, , City=AMIPURA,",23.474391,72.393662,CCS,60.0,60,2
BEE_EV_PCS_2025,BPCL,Govt.,Gujarat,AHMEDABAD,AHMEDABAD,"OPPOSITE MANAV MANDIR, OPPOSITE MANAV MANDIR, ,",23.045512,72.539544,LEV DC,15.0,7,1
BEE_EV_PCS_2025,BPCL,Govt.,Gujarat,AHMEDABAD,AHMEDABAD,"OPPOSITE MANAV MANDIR, OPPOSITE MANAV MANDIR, ,",23.045512,72.539544,CCS,60.0,60,2
BEE_EV_PCS_2025,BPCL,Govt.,Gujarat,RAJKOT,PADADHARI,"PADADHARI, BYE PASS ROAD, , City=PADADHARI, District=RAJKOT,",22.430406,70.61652,CCS,60.0,60,2
BEE_EV_PCS_2025,BPCL,Govt.,Gujarat,VADODARA,PADRA,"PADRA JAMBUSAR HIGHWAY, AT & PO PADRA, , City=PADRA,",22.239966,73.071137,CCS,60.0,60,2
BEE_EV_PCS_2025,BPCL,Govt.,Gujarat,SURAT,ITALWA,"PALSANA, NH 53, , City=ITALWA, District=SURAT, State=Gujarat",21.085475,72.96686,CCS,30.0,30,1
BEE_EV_PCS_2025,BPCL,Govt.,Gujarat,SURAT,SURAT,"PARVAT PATIYA GODADRA ROAD, PARVAT GAM, , City=SURAT,",21.179517,72.87162,CCS,30.0,30,1
BEE_EV_PCS_2025,BPCL,Govt.,Gujarat,AHMEDABAD,AHMEDABAD,"PLOT NO 181, TP-113,MOUZE VASTRAL, , City=AHMEDABAD,",23.008383,72.66422,CCS,60.0,60,2
BEE_EV_PCS_2025,BPCL,Govt.,Gujarat,Kachchh,MUNDRA,"PLOT NO 569/1/1, VIL DESHALPAR, NH 8 AMUNDRA MANDVI ROAD,, ,",22.881454,69.579323,CCS,60.0,60,2
BEE_EV_PCS_2025,BPCL,Govt.,Gujarat,RAJKOT,RAJKOT,"PLOT NO. 1/A, URVEY NO. 167 OLD S.NO.36 PAIKI 1 P, , City=RAJKOT,",22.210677,70.79848,CCS,30.0,30,1
BEE_EV_PCS_2025,BPCL,Govt.,Gujarat,VADODARA,VADODARA,"PLOT NO. 4/A, MUJMAHUDA, AKOTA, , City=VADODARA,",22.286094,73.169635,LEV DC,15.0,7,1
BEE_EV_PCS_2025,BPCL,Govt.,Gujarat,BHARUCH,"JOLVA TAL VAGRA, DIST","VAGRA, DIST BHARUCH, District=BHARUCH, State=Gujarat",21.716203,72.657444,CCS,60.0,60,2
BEE_EV_PCS_2025,BPCL,Govt.,Gujarat,VALSAD,VIL. VALWADA,"VALWADA, District=VALSAD, GUJARAT, State=Gujarat",20.321492,72.90265,CCS,60.0,60,2
BEE_EV_PCS_2025,BPCL,Govt.,Gujarat,BANAS KANTHA,LAKNI,"POST LAKNI, LAKHNI, , City=LAKNI, District=BANAS KANTHA, State=Gujarat",24.31155,71.826658,CCS,60.0,60,2
BEE_EV_PCS_2025,BPCL,Govt.,Gujarat,PORBANDAR,GHOSA,"POST-GOSA, OPP NARVAI MATAJI TEMPLE, , City=GHOSA,",21.479158,69.766482,CCS,60.0,60,2
BEE_EV_PCS_2025,BPCL,Govt.,Gujarat,VALSAD,PARDI,"R.S. NO 541/542/543/PAIKY 3, TALUKA PARDI, , City=PARDI,",20.497336,72.943103,CCS,60.0,60,2
BEE_EV_PCS_2025,BPCL,Govt.,Gujarat,PANCH MAHALS,HALOL,"R.S. NO. 1688 & 1690/3/P1/P1, VILLAGE KANJARI, , City=HALOL,",22.529737,73.449805,CCS,60.0,60,2
BEE_EV_PCS_2025,BPCL,Govt.,Gujarat,SURENDRANAGAR,SURENDRANAGAR,"R.S. NO. 185, STATE HIGHWAY 119, PANCHAVADA, GUJARAT, ,",22.364561,71.215062,CCS,60.0,60,2
BEE_EV_PCS_2025,BPCL,Govt.,Gujarat,Kachchh,SHINAI,"R.S. NO. 299/8, SHINAI, , City=SHINAI, District=KUTCH, State=Gujarat",23.033807,70.063548,LEV DC,15.0,7,1
BEE_EV_PCS_2025,BPCL,Govt.,Gujarat,Kachchh,NARANPAR,"R.S.NO.118, NARANPAR RAVRI, , City=NARANPAR, District=KUTCH,",23.144078,69.584982,CCS,60.0,60,2
BEE_EV_PCS_2025,BPCL,Govt.,Gujarat,DAHOD,DEVGADH BARIA TAL,"TAL DEVGADH BARIA, District=DAHOD, State=Gujarat",22.711054,73.913504,CCS,60.0,60,2
BEE_EV_PCS_2025,BPCL,Govt.,Gujarat,AMRELI,RAJULA,"RAJULA TO MAHUVA ROAD NH 51, VILLAGE MAJADAR, , City=RAJULA,",21.013842,71.555552,CCS,30.0,30,1
BEE_EV_PCS_2025,BPCL,Govt.,Gujarat,GANDHINAGAR,KOBA,"RO AT AMBAPUR SH 41, KOBA ADALAJ ROAD, , City=KOBA,",23.150749,72.605788,CCS,60.0,60,2
BEE_EV_PCS_2025,BPCL,Govt.,Gujarat,ANAND,ANAND,"RO AT MOGAR TO VASAD, ON NH 48, , City=ANAND, District=ANAND,",22.477783,73.050843,CCS,60.0,60,2
BEE_EV_PCS_2025,BPCL,Govt.,Gujarat,SURAT,SURAT,"RS NO 11, SUB PLOT 2, PANDESARA, , City=SURAT, District=SURAT,",21.151651,72.843456,CCS,60.0,60,2
BEE_EV_PCS_2025,BPCL,Govt.,Gujarat,Kachchh,PIPRAPATI,"RS NO 628/1 VILLAGE PIPARAPATI, NH 8A, , City=PIPRAPATI, District=KUTCH,",23.261618,70.64234,CCS,30.0,30,1
BEE_EV_PCS_2025,BPCL,Govt.,Gujarat,Kachchh,KUMBHARDI,"S NO 178/ 1 PAIKI, S NO 178/ 1 PAIKI, , City=KUMBHARDI, District=KUTCH,",23.346413,70.2584,CCS,60.0,60,2
BEE_EV_PCS_2025,BPCL,Govt.,Gujarat,AHMEDABAD,AHMEDABAD,"S P RING ROAD, SP RING ROAD, , City=AHMEDABAD, District=AHMEDABAD,",23.02909,72.67345,LEV DC,15.0,7,1
BEE_EV_PCS_2025,BPCL,Govt.,Gujarat,GANDHINAGAR,GALUDAN,"S.NO 672/2, AT GALUDAN, TA GANDHINAGAR, , City=GALUDAN,",23.134745,72.765492,CCS,60.0,60,2
BEE_EV_PCS_2025,BPCL,Govt.,Gujarat,NAVSARI,RETHWANIA,"S.NO. 197/2, RETHWANIA, , City=RETHWANIA, District=NAVSARI,",20.800269,73.123389,CCS,60.0,60,2
BEE_EV_PCS_2025,BPCL,Govt.,Gujarat,SURAT,ITALVA,"S.NO. 22, BLOCK 19, , ITALVA PATIA, TALUKA PALSANA, , City=ITALVA,",21.086381,72.965806,CCS,30.0,30,1
BEE_EV_PCS_2025,BPCL,Govt.,Gujarat,SURAT,MOTINAROLI,"S.NO.65/PAIKI-2, MOJE-MOTI NAROLI, NH-8, NR HOTEL BALWAS, ,",21.416784,72.965175,CCS,30.0,30,1
BEE_EV_PCS_2025,BPCL,Govt.,Gujarat,SURENDRANAGAR,WADHVAN,"SAMLA, SAMLA, , City=WADHVAN SURENDRANAGAR,",22.651934,71.756341,CCS,60.0,60,2
BEE_EV_PCS_2025,BPCL,Govt.,Gujarat,AHMEDABAD,SANAND,"SANAND - BAVLA SH 144, #, , City=SANAND, District=AHMEDABAD,",22.940066,72.376415,CCS,60.0,60,2
BEE_EV_PCS_2025,BPCL,Govt.,Gujarat,JAMNAGAR,KHIMALYA,"SATELITE PARK - 1, PLOT NO.13, SURVEY NO. 327/1, KHIMALIYA, ,",22.42529,70.0914,CCS,60.0,60,2
BEE_EV_PCS_2025,BPCL,Govt.,Gujarat,BOTAD,GADHADA,"SH-21, GADHADA-BOTAD ROAD, , City=GADHADA, District=BOTAD,",22.000619,71.59767,CCS,60.0,60,2
BEE_EV_PCS_2025,BPCL,Govt.,Gujarat,Kachchh,NAKHATRANA,"SH42, NAKHATRANA, NAKHATRANA, , City=NAKHATRANA, District=KUTCH,",23.367548,69.242535,CCS,60.0,60,2
BEE_EV_PCS_2025,BPCL,Govt.,Gujarat,Mahesana,"BASNA, VISNAGAR","SH-56, MEHSANA-VISNAGAR ROAD, , City=BASNA, VISNAGAR,",23.642038,72.458177,CCS,60.0,60,2
BEE_EV_PCS_2025,BPCL,Govt.,Gujarat,ARVALLI,SHAMLAJI,"SHAMLAJI CHAR RASTA, TALUKA BHILODA, , City=SHAMLAJI,",23.682495,73.365841,CCS,30.0,30,1
BEE_EV_PCS_2025,BPCL,Govt.,Gujarat,GANDHINAGAR,GANDHINAGAR,"SHERISA, KALOL-KHATRAJ ROAD, KALOL TALUK, , City=GANDHINAGAR,",23.204205,72.47203,CCS,60.0,60,2
BEE_EV_PCS_2025,BPCL,Govt.,Gujarat,AHMEDABAD,AHMEDABAD,"SHETH MANGALDAS RD, SHETH MANGALDAS RD, , City=AHMEDABAD,",23.020326,72.559428,LEV DC,15.0,7,1
BEE_EV_PCS_2025,BPCL,Govt.,Gujarat,RAJKOT,RAJKOT,"SOKHADA, 150 FT RING ROAD, RAJKOT, , City=RAJKOT, District=RAJKOT,",22.335506,70.856093,CCS,60.0,60,2
BEE_EV_PCS_2025,BPCL,Govt.,Gujarat,GIR SOMNATH,GORAKHMANDI,"SOMNATH UNA HIGHWAY NH 51, TALUKA SUTRAPADA, ,",20.90909,70.545228,CCS,60.0,60,2
BEE_EV_PCS_2025,BPCL,Govt.,Gujarat,AHMEDABAD,AHMEDABAD,"SP RING ROAD, BHADAJ CIRCLE, , City=AHMEDABAD, District=AHMEDABAD,",23.08676,72.483871,CCS,30.0,30,1
BEE_EV_PCS_2025,BPCL,Govt.,Gujarat,RAJKOT,RAJKOT,"SR NO 440P/56 AND 57, AMIN MARG, , City=RAJKOT, District=RAJKOT,",22.284526,70.776994,LEV DC,15.0,7,1
BEE_EV_PCS_2025,BPCL,Govt.,Gujarat,ANAND,KANTHARIYA,"SR. NO. 269, TARAPUR-VASAD HIGHWAY, VILLAGE KANTHARIYA, ,",22.439645,73.025785,CCS,60.0,60,2
BEE_EV_PCS_2025,BPCL,Govt.,Gujarat,KHEDA,DABHAN,"SR. NO. 64/B, DABHAN-KHEDA ROAD, VILLAGE DABHAN, , City=DABHAN,",22.709156,72.822256,CCS,60.0,60,2
BEE_EV_PCS_2025,BPCL,Govt.,Gujarat,DAHOD,PIPLOD,"SRVY NO.-123/1&123/2,PIPLOD,ON NH47, TAL DEVGADHBARIA, ,",22.808343,73.917604,CCS,60.0,60,2
BEE_EV_PCS_2025,BPCL,Govt.,Gujarat,SURAT,SURAT,"SURAT DUMAS ROAD, SURAT, , City=SURAT, District=SURAT, State=Gujarat",21.14,72.75,CCS,60.0,60,2
BEE_EV_PCS_2025,BPCL,Govt.,Gujarat,SURAT,HAZIRA,"SURAT HAZIRA ROAD, P.O. ICHHAPUR, , City=HAZIRA, District=SURAT,",21.168796,72.735077,CCS,60.0,60,2
BEE_EV_PCS_2025,BPCL,Govt.,Gujarat,AHMEDABAD,VIRAMGAM,"SURVEY 423 VILL HANSALPUR, SURVEY 423 VILL HANSALPUR, ,",23.098021,72.071744,CCS,60.0,60,2
BEE_EV_PCS_2025,BPCL,Govt.,Gujarat,NARMADA,NARMADA,"SURVEY NO 104, VILLAGE NAVAPURA, NH 56, , City=NARMADA,",21.944573,73.654452,CCS,60.0,60,2
BEE_EV_PCS_2025,BPCL,Govt.,Gujarat,Mahesana,MEHSANA,"SURVEY NO 1097, 375/P1, MEHSANA CITY, GANDHINAGAR LINK ROAD, ,",23.597979,72.409106,CCS,60.0,60,2
BEE_EV_PCS_2025,BPCL,Govt.,Gujarat,AHMEDABAD,AHMEDABAD,"SURVEY NO 1354/1, PLOT NO 662/1, SP RING ROAD, , City=AHMEDABAD,",23.11532,72.50486,CCS,30.0,30,1
BEE_EV_PCS_2025,BPCL,Govt.,Gujarat,Sabar Kantha,KUSHKI,"SURVEY NO 145, KUSHKI, , City=KUSHKI, District=SABARKANTHA,",23.842752,73.027773,CCS,60.0,60,2
BEE_EV_PCS_2025,BPCL,Govt.,Gujarat,Kachchh,DHANETI,"SURVEY NO 186, VILLAGE DHANETI, DIST BHUJ, , City=DHANETI,",23.264076,69.932232,CCS,60.0,60,2
BEE_EV_PCS_2025,BPCL,Govt.,Gujarat,ARVALLI,MODASA,"SURVEY NO 193, AT RANGPUR, NR SALES TAX OFFICE, , City=MODASA,",23.73125,73.412308,CCS,30.0,30,1
BEE_EV_PCS_2025,BPCL,Govt.,Gujarat,VADODARA,KARJAN,"SURVEY NO- 202, OPP. SHIVWADI, HIGHWAY-48 , JUNABAZAR, KARJAN, ,",22.040759,73.12531,CCS,60.0,60,2
BEE_EV_PCS_2025,BPCL,Govt.,Gujarat,Kachchh,MANDVI,"SURVEY NO 212 VILLAGE NANA ASAMBIYA, SURVEY NO 212 VILLAGE NANA",22.995718,69.453932,CCS,60.0,60,2
BEE_EV_PCS_2025,BPCL,Govt.,Gujarat,VALSAD,VILLAGE-KHADKI,"SURVEY NO 273,, VILLAGE - KHADKI (UDWADA), , City=VILLAGE-KHADKI,",20.476141,72.93071,CCS,60.0,60,2
BEE_EV_PCS_2025,BPCL,Govt.,Gujarat,BHARUCH,BHARUCH,"SURVEY NO 305 2 3, BHARUCH DAHEJ ROAD DEHGAM, , City=BHARUCH,",21.69483,72.95611,CCS,60.0,60,2
BEE_EV_PCS_2025,BPCL,Govt.,Gujarat,Sabar Kantha,KATPUR,"SURVEY NO 326, MOUZE KATPUR, PRANTIJ TALUKA, , City=KATPUR,",23.417901,72.834517,CCS,30.0,30,1
BEE_EV_PCS_2025,BPCL,Govt.,Gujarat,VADODARA,KARJAN,"SURVEY NO 35, VILLAGE DETHAN, , City=KARJAN, District=VADODARA,",21.9702,73.099,CCS,60.0,60,2
BEE_EV_PCS_2025,BPCL,Govt.,Gujarat,VADODARA,KARJAN,"SURVEY NO 388/A, VILL KARJAN, , City=KARJAN, District=VADODARA,",22.028,73.1193,CCS,60.0,60,2
BEE_EV_PCS_2025,BPCL,Govt.,Gujarat,AHMEDABAD,AHMEDABAD,"SURVEY NO 406,SARKHEJ CHANGODAR ROA, ,NH-8A,SANATHAL, DISTRICT",22.952836,72.468845,CCS,60.0,60,2
BEE_EV_PCS_2025,BPCL,Govt.,Gujarat,BHARUCH,ASURIYA,"SURVEY NO 4B, ASURIYA, TALUKA BHARUCH, , City=ASURIYA,",21.790443,73.032471,CCS,60.0,60,2
BEE_EV_PCS_2025,BPCL,Govt.,Gujarat,VADODARA,SAVLI,"SURVEY NO 5/B/P2, MOJE PARTHAMPURA (SHIHORA), , City=SAVLI,",22.6221,73.2624,CCS,60.0,60,2
BEE_EV_PCS_2025,BPCL,Govt.,Gujarat,SURAT,UMARPADA,"SURVEY NO 69 PAIKI, UMERPADA, , City=UMERPADA, District=SURAT,",21.441143,73.484853,CCS,60.0,60,2
BEE_EV_PCS_2025,BPCL,Govt.,Gujarat,BANAS KANTHA,GUNDARI,"KANTHA, State=Gujarat",24.549322,72.359976,CCS,60.0,60,2
BEE_EV_PCS_2025,BPCL,Govt.,Gujarat,Sabar Kantha,KANKROL,"SURVEY NO 777/3, VILLAGE KANKROL, HIMMATNAGAR, NH48, ,",23.582658,73.014596,CCS,30.0,30,1
BEE_EV_PCS_2025,BPCL,Govt.,Gujarat,SURAT,KOSAMBA,"SURVEY NO 810 AT POST KOSAMBA, BIRLA ROAD SH166 KOSAMBA, ,",21.457018,72.957475,CCS,60.0,60,2
BEE_EV_PCS_2025,BPCL,Govt.,Gujarat,SURENDRANAGAR,VASTADI,"SURVEY NO 824/5/P, VILL VASTADI, TALUKA WADHWAN, , City=VASTADI,",22.548985,71.591063,CCS,30.0,30,1
BEE_EV_PCS_2025,BPCL,Govt.,Gujarat,BHAVNAGAR,BHAVNAGAR,"SURVEY NO 90 PAIKI 2, NAVA MADHIYA, , City=BHAVNAGAR,",21.87883,72.06693,CCS,60.0,60,2
BEE_EV_PCS_2025,BPCL,Govt.,Gujarat,CHHOTAUDEPUR,PAVI JETPUR,"SURVEY NO 96, RASLI, , City=PAVI JETPUR, District=CHHOTAUDEPUR,",22.331772,73.822345,CCS,60.0,60,2
BEE_EV_PCS_2025,BPCL,Govt.,Gujarat,JUNAGADH,JUNAGADH,"SURVEY NO. 1168, VILLAGE AGATRAI TALUKA KESHOD, , City=JUNAGADH,",21.357078,70.252795,CCS,60.0,60,2
BEE_EV_PCS_2025,BPCL,Govt.,Gujarat,ARVALLI,ARAVALLI,"SURVEY NO. 119, SHAMLAJI TO RAJENDRA CROSS ROADS, , City=ARAVALLI,",23.654184,73.315964,CCS,30.0,30,1
BEE_EV_PCS_2025,BPCL,Govt.,Gujarat,KHEDA,DANTALI,"SURVEY NO. 146/1, VILLAGE DANTALI, NH 8 DIST KHEDA, , City=DANTALI,",22.710547,72.778434,CCS,60.0,60,2
BEE_EV_PCS_2025,BPCL,Govt.,Gujarat,JUNAGADH,MANGROL,"SURVEY NO. 171/P1/P2, KESHOD ROAD, MANGROL, , City=MANGROL,",21.125474,70.116914,CCS,60.0,60,2
BEE_EV_PCS_2025,BPCL,Govt.,Gujarat,ANAND,LAMBHVEL,"SURVEY NO. 1957/PAIKI, VIL. BAKROL, ANAND KANJARI ROAD, ,",22.581418,72.935867,CCS,60.0,60,2
BEE_EV_PCS_2025,BPCL,Govt.,Gujarat,TAPI,VYARA,"SURVEY NO. 197, VILLAGE - VEERPUR, TALUKA - VYARA, , City=VYARA,",21.129004,73.441224,Type II,7.0,7,1
BEE_EV_PCS_2025,BPCL,Govt.,Gujarat,TAPI,VYARA,"SURVEY NO. 197, VILLAGE - VEERPUR, TALUKA - VYARA, , City=VYARA,",21.129004,73.441224,CCS,30.0,30,1
BEE_EV_PCS_2025,BPCL,Govt.,Gujarat,VADODARA,HUSEPUR,"SURVEY NO. 23, VILLAGE - HUSEPUR, TALUKA - PADRA, , City=HUSEPUR,",22.121137,73.080166,CCS,60.0,60,2
BEE_EV_PCS_2025,BPCL,Govt.,Gujarat,CHHOTAUDEPUR,TANDALJA,"SURVEY NO. 28, VILLAGE TANDALJA, , City=TANDALJA,",22.221186,73.739509,CCS,60.0,60,2
BEE_EV_PCS_2025,BPCL,Govt.,Gujarat,NAVSARI,KHUNDH,"SURVEY NO. 303/2, TA - CHIKHLI, , City=KHUNDH, District=NAVSARI,",20.775803,73.076238,CCS,60.0,60,2
BEE_EV_PCS_2025,BPCL,Govt.,Gujarat,JUNAGADH,BAGDU,"SURVEY NO. 367, PAIKI 8, VILLAGE BAGDU, DISTRICT JUNAGADH, ,",21.38107,70.51681,CCS,60.0,60,2
BEE_EV_PCS_2025,BPCL,Govt.,Gujarat,KHEDA,GHAUVA,"SURVEY NO. 387/P1, VILLAGE GHAUVA, TAL KAPADWANJ, , City=GHAUVA,",23.094463,73.201912,CCS,60.0,60,2
BEE_EV_PCS_2025,BPCL,Govt.,Gujarat,ANAND,BHETASI,"SURVEY NO. 458, VILLAGE BHETASI, TALUKA ANKLAV, , City=BHETASI,",22.446757,73.043679,CCS,60.0,60,2
BEE_EV_PCS_2025,BPCL,Govt.,Gujarat,AMRELI,DHARGANI,"SURVEY NO. 50 P1/P1/P2, VILLAGE DHARGANI KHAMBHA CHALALA RD, ,",21.32547,71.199228,CCS,60.0,60,2
BEE_EV_PCS_2025,BPCL,Govt.,Gujarat,BHARUCH,SULTANPURA,"SURVEY NO. 637,, OPP TO CNG STATION, , City=SULTANPURA,",21.702942,73.141092,CCS,60.0,60,2
BEE_EV_PCS_2025,BPCL,Govt.,Gujarat,VALSAD,UMERGAON,"SURVEY NO.-2 /P,OPP. -, SALES TAX CHECK POST ,TALWADA, ,",20.248151,72.884307,CCS,60.0,60,2
BEE_EV_PCS_2025,BPCL,Govt.,Gujarat,MORBI,TANKARA,"TANKARA, TANKARA, , City=TANKARA, District=MORBI, State=Gujarat",22.681081,70.75667,CCS,60.0,60,2
BEE_EV_PCS_2025,BPCL,Govt.,Gujarat,VADODARA,VADODARA,"TARSALI, NH 8 BYEPASS, , City=VADODARA, District=VADODARA,",22.283484,73.207575,CCS,60.0,60,2
BEE_EV_PCS_2025,BPCL,Govt.,Gujarat,JAMNAGAR,JAMNAGAR,"TEEN BATTI, OPP. OLD RAILWAY STATION, , City=JAMNAGAR,",22.473033,70.070221,LEV DC,15.0,7,1
BEE_EV_PCS_2025,BPCL,Govt.,Gujarat,AHMEDABAD,TELAV,"TELAV, AHMEDAABAD SANAND ROAD, , City=TELAV, District=AHMEDABAD,",22.985511,72.443493,CCS,60.0,60,2
BEE_EV_PCS_2025,BPCL,Govt.,Gujarat,JAMNAGAR,TODA,"TODA,KALAWAD - JUNAGADH SH, #, , City=TODA, District=JAMNAGAR,",22.076131,70.388004,CCS,60.0,60,2
BEE_EV_PCS_2025,BPCL,Govt.,Gujarat,GANDHINAGAR,DEHGAM,"TP NO. 1 FP 28, BESIDE PANKAJ AGRO, , City=DEHGAM,",23.177075,72.804443,CCS,60.0,60,2
BEE_EV_PCS_2025,BPCL,Govt.,Gujarat,PORBANDAR,KUTIANA,"GUJARAT, State=Gujarat",21.63104,70.017157,CCS,60.0,60,2
BEE_EV_PCS_2025,BPCL,Govt.,Gujarat,GIR SOMNATH,UNA,"SOMNATH, State=Gujarat",20.841291,71.072776,CCS,30.0,30,1
BEE_EV_PCS_2025,BPCL,Govt.,Gujarat,MORBI,VADHARAVA,"VADHARVA, NEAR HPCL RO RAMKRUPA PETROLEUM, , City=VADHARAVA,",23.064971,70.834938,CCS,60.0,60,2
BEE_EV_PCS_2025,BPCL,Govt.,Gujarat,AHMEDABAD,AHMEDABAD,"VASTRAL, ON SP RING ROAD, , City=AHMEDABAD, District=AHMEDABAD,",22.999234,72.666629,LEV DC,15.0,7,1
BEE_EV_PCS_2025,BPCL,Govt.,Gujarat,JUNAGADH,PANIDHRA,"VERAVAL-KESHOD ROAD, TALUKA MALIYA HATINA, , City=PANIDHRA,",21.196743,70.264024,CCS,60.0,60,2
BEE_EV_PCS_2025,BPCL,Govt.,Gujarat,RAJKOT,MORVI,"VIJAYNAGAR, RAJKOT-MORBI SH, #, , City=MORVI, District=RAJKOT,",22.430692,70.77984,CCS,60.0,60,2
BEE_EV_PCS_2025,BPCL,Govt.,Gujarat,SURAT,SURAT,"VIL. VARIYAV,, HAZIRA SAYAN ROAD, , City=SURAT, District=SURAT,",21.263,72.8358,CCS,60.0,60,2
BEE_EV_PCS_2025,BPCL,Govt.,Gujarat,VADODARA,VADODARA,"VILL CHANNI, NH-8 (OLD), TAL & DIST VADODARA, , City=VADODARA,",22.372287,73.172508,CCS,60.0,60,2
BEE_EV_PCS_2025,BPCL,Govt.,Gujarat,VADODARA,VADODARA,"VILL DUMAD, TAL VADODARA, , City=VADODARA, District=VADODARA,",22.377838,73.191268,CCS,60.0,60,2
BEE_EV_PCS_2025,BPCL,Govt.,Gujarat,BOTAD,RANPUR,"VILL RANPUR, VILL RANPUR, , City=RANPUR, District=BOTAD, State=Gujarat",22.369013,71.716793,CCS,60.0,60,2
BEE_EV_PCS_2025,BPCL,Govt.,Gujarat,VADODARA,DABHOI,"VILL THUVAVI, TAL DABHOI, , City=DABHOI, District=VADODARA,",22.175864,73.338207,CCS,30.0,30,1
BEE_EV_PCS_2025,BPCL,Govt.,Gujarat,SURAT,SURAT,"VILL. BHESTAN, UDHANA SACHIN ROAD, , City=SURAT, District=SURAT,",21.11936,72.85871,CCS,60.0,60,2
BEE_EV_PCS_2025,BPCL,Govt.,Gujarat,SURAT,"TALUKA MAGROL,","VILL. VASRAVI, MANGROL, , City=TALUKA MAGROL, SURAT, District=SURAT,",21.42822,73.14339,CCS,60.0,60,2
BEE_EV_PCS_2025,BPCL,Govt.,Gujarat,BHAVNAGAR,TANSA,"VILLAGE - TANSA, ON NH - 8 E, TALUKA - GHOGHA, , City=TANSA,",21.530698,72.123025,CCS,60.0,60,2
BEE_EV_PCS_2025,BPCL,Govt.,Gujarat,SURENDRANAGAR,SURENDRANAGAR,"VILLAGE ANINDRA, DIST. SURENDRANAGAR, , City=SURENDRANAGAR,",22.824331,71.69294,CCS,60.0,60,2
BEE_EV_PCS_2025,BPCL,Govt.,Gujarat,GIR SOMNATH,BHALCHEL,"SOMNATH, State=Gujarat",21.177579,70.579823,CCS,30.0,30,1
BEE_EV_PCS_2025,BPCL,Govt.,Gujarat,MORBI,BHALGAM,"VILLAGE BHALGAM, TALUKA WANKANER, , City=BHALGAM, District=MORBI,",22.428038,71.069006,CCS,30.0,30,1
BEE_EV_PCS_2025,BPCL,Govt.,Gujarat,GANDHINAGAR,CHHALA,"VILLAGE CHHALA, TEHSIL GANDHINAGAR, , City=CHHALA,",23.290542,72.763343,CCS,30.0,30,1
BEE_EV_PCS_2025,BPCL,Govt.,Gujarat,TAPI,DOSWADA,"VILLAGE DOSAWADA, NH-53, , City=DOSWADA, District=TAPI, State=Gujarat",21.124893,73.438068,CCS,60.0,60,2
BEE_EV_PCS_2025,BPCL,Govt.,Gujarat,SURENDRANAGAR,DHRANGADHARA,"VILLAGE GALA, TALUKA DHRANGADHARA, , City=DHRANGADHARA,",23.015646,71.570429,CCS,60.0,60,2
BEE_EV_PCS_2025,BPCL,Govt.,Gujarat,SURENDRANAGAR,JAMVADI,"VILLAGE JAMVADI, TALUKA THANGADH, , City=JAMVADI,",22.55007,71.216373,CCS,60.0,60,2
BEE_EV_PCS_2025,BPCL,Govt.,Gujarat,SURENDRANAGAR,SURENDRANAGAR,"VILLAGE KADU, TALUKA LAKHTAR, , City=SURENDRANAGAR,",22.891132,71.839311,CCS,60.0,60,2
BEE_EV_PCS_2025,BPCL,Govt.,Gujarat,JUNAGADH,KANEK,"VILLAGE KANEK, TALUKA MALIYA HATINA, , City=KANEK,",21.039515,70.252223,CCS,60.0,60,2
BEE_EV_PCS_2025,BPCL,Govt.,Gujarat,PORBANDAR,PORBANDAR,"VILLAGE KANTELA, TALUKA PORBANDAR, , City=PORBANDAR,",21.721187,69.50911,CCS,60.0,60,2
BEE_EV_PCS_2025,BPCL,Govt.,Gujarat,SURENDRANAGAR,SURENDRANAGAR,"VILLAGE KATHADA, TALUKA DASADA, , City=SURENDRANAGAR,",23.292116,71.807009,CCS,60.0,60,2
BEE_EV_PCS_2025,BPCL,Govt.,Gujarat,PORBANDAR,KUTIYANA,"VILLAGE KUTIYANA, DISTRICT PORBANDAR, , City=KUTIYANA,",21.626214,69.996871,CCS,60.0,60,2
BEE_EV_PCS_2025,BPCL,Govt.,Gujarat,JUNAGADH,NAREDI,"VILLAGE NAREDI TALUKA VANTHALI, SH 32, DISTRICT JUNAGADH, GUJARAT, ,",21.505824,70.25792,CCS,60.0,60,2
BEE_EV_PCS_2025,BPCL,Govt.,Gujarat,SURAT,SURAT,"VILLAGE SATHVAV, ON MANDAVI ZANHKVAV ROAD, , City=SURAT,",21.30546,73.32166,CCS,60.0,60,2
BEE_EV_PCS_2025,BPCL,Govt.,Gujarat,MORBI,TANKARA,"VILLAGE TANKARA, MORBI, , City=TANKARA, District=MORBI, State=Gujarat",22.670768,70.751991,CCS,60.0,60,2
BEE_EV_PCS_2025,BPCL,Govt.,Gujarat,DEVBHUMI DWARKA,VARVALA,"VILLAGE VARVALA, SH25, , City=VARVALA, District=DEVBHUMI DWARKA,",22.293917,68.965347,CCS,30.0,30,1
BEE_EV_PCS_2025,BPCL,Govt.,Gujarat,BHAVNAGAR,ADHELAI,"VILLAGE-ADHELAI, BHAVNAGAR COASTAL S/H, , City=ADHELAI,",22.054847,72.110339,CCS,60.0,60,2
BEE_EV_PCS_2025,BPCL,Govt.,Gujarat,Sabar Kantha,PILUDARA,"VINAY PETROLEUM, AT PILUDRA NH 8, , City=PILUDARA,",23.470496,72.876885,CCS,30.0,30,1
BEE_EV_PCS_2025,BPCL,Govt.,Gujarat,GIR SOMNATH,PRACHI,"VIRODHAR, TALUKA SUTRAPADA, , City=PRACHI, District=GIR SOMNATH,",20.914581,70.566396,CCS,30.0,30,1
BEE_EV_PCS_2025,BPCL,Govt.,Gujarat,RAJKOT,VIRPUR,"VIRPUR, ON NH8B, #, , City=VIRPUR, District=RAJKOT, State=Gujarat",21.8222,70.6776,CCS,60.0,60,2
BEE_EV_PCS_2025,BPCL,Govt.,Gujarat,AHMEDABAD,VITHALAPUR,"VITHALAPUR, #, , City=VITHALAPUR, District=AHMEDABAD, State=Gujarat",23.360456,72.05336,CCS,60.0,60,2
BEE_EV_PCS_2025,BPCL,Govt.,Gujarat,SURENDRANAGAR,SURENDRANAGAR,"WADHWAN, DIST SURENDRANAGAR, , City=SURENDRANAGAR,",22.701328,71.688692,CCS,60.0,60,2
BEE_EV_PCS_2025,BPCL,Govt.,Gujarat,GANDHINAGAR,SARDHAV,"WITHIN 1 KM FROM NARDIPUR, SH 138, #, , City=SARDHAV,",23.304414,72.545375,CCS,60.0,60,2
BEE_EV_PCS_2025,BPCL,Govt.,Gujarat,AMRELI,RAJULA,"NEAR AGARIYA JAKAT NAKA,, OPPO. GAUSHALA, RAJULA, RAJULA, AMRELI, Gujarat Shop No 5, Bhatiya Colony, Milk Plant Road, Plot No. 21, 1, Mathura Rd, Pocket 3, Rajiv Enclave, Sector 6, Faridabad, Haryana 121006 Jai Bhola Traders Pillar No, 688,16/6, Delhi Mathura Road, F7, Shushant Lok 2 Near Hong Kong Bazar, Sector 57, Gurugram, Haryana 122011 Faridabad - Gurgaon Rd, Baliawas, Bandhwari, Haryana 122102 Guru Daksh Steel Scrap Shop Near Grofer Store Village Dhankot, Ram Kishan, Dundahera, School Wali Gali, Gurugram Opposite Ayyappa Temple, Dundahera, Surya Vihar, Sector 21, Gurugram 51-52 Km Stone Gt Karnal Road, Murthal, Sonepat, Haryana 131024 54Th Mile Stone, Grand Trunk Rd, Murthal, Haryana 131039 638,Model Town Rd, 163, Amravati Enclave, Shimla Road, Panchkula 884, Village Alipur, NH7 Panchkula, Haryana Pinjori Road, Nawan Nagar, Pinjore, Blue Jay Tourist Complex C/O HTCL, Samalkha, Haryana",21.05006,71.435697,CCS LEV DC Charge Point (IS-17017-2-7) CCS-II Bharat AC-001 Bharat DC-001,60.0,60,2
BEE_EV_PCS_2025,Ather,Private,Gujarat,AMRELI,RAJULA,"NEAR AGARIYA JAKAT NAKA,, OPPO. GAUSHALA, RAJULA, RAJULA, AMRELI, Gujarat Shop No 5, Bhatiya Colony, Milk Plant Road, Plot No. 21, 1, Mathura Rd, Pocket 3, Rajiv Enclave, Sector 6, Faridabad, Haryana 121006 Jai Bhola Traders Pillar No, 688,16/6, Delhi Mathura Road, F7, Shushant Lok 2 Near Hong Kong Bazar, Sector 57, Gurugram, Haryana 122011 Faridabad - Gurgaon Rd, Baliawas, Bandhwari, Haryana 122102 Guru Daksh Steel Scrap Shop Near Grofer Store Village Dhankot, Ram Kishan, Dundahera, School Wali Gali, Gurugram Opposite Ayyappa Temple, Dundahera, Surya Vihar, Sector 21, Gurugram 51-52 Km Stone Gt Karnal Road, Murthal, Sonepat, Haryana 131024 54Th Mile Stone, Grand Trunk Rd, Murthal, Haryana 131039 638,Model Town Rd, 163, Amravati Enclave, Shimla Road, Panchkula 884, Village Alipur, NH7 Panchkula, Haryana Pinjori Road, Nawan Nagar, Pinjore, Blue Jay Tourist Complex C/O HTCL, Samalkha, Haryana",28.334697,77.330114,CCS LEV DC Charge Point (IS-17017-2-7) CCS-II Bharat AC-001 Bharat DC-001,3.3,3.3,1
BEE_EV_PCS_2025,Ather,Private,Gujarat,AMRELI,RAJULA,"NEAR AGARIYA JAKAT NAKA,, OPPO. GAUSHALA, RAJULA, RAJULA, AMRELI, Gujarat Shop No 5, Bhatiya Colony, Milk Plant Road, Plot No. 21, 1, Mathura Rd, Pocket 3, Rajiv Enclave, Sector 6, Faridabad, Haryana 121006 Jai Bhola Traders Pillar No, 688,16/6, Delhi Mathura Road, F7, Shushant Lok 2 Near Hong Kong Bazar, Sector 57, Gurugram, Haryana 122011 Faridabad - Gurgaon Rd, Baliawas, Bandhwari, Haryana 122102 Guru Daksh Steel Scrap Shop Near Grofer Store Village Dhankot, Ram Kishan, Dundahera, School Wali Gali, Gurugram Opposite Ayyappa Temple, Dundahera, Surya Vihar, Sector 21, Gurugram 51-52 Km Stone Gt Karnal Road, Murthal, Sonepat, Haryana 131024 54Th Mile Stone, Grand Trunk Rd, Murthal, Haryana 131039 638,Model Town Rd, 163, Amravati Enclave, Shimla Road, Panchkula 884, Village Alipur, NH7 Panchkula, Haryana Pinjori Road, Nawan Nagar, Pinjore, Blue Jay Tourist Complex C/O HTCL, Samalkha, Haryana",28.35452,77.31666,CCS LEV DC Charge Point (IS-17017-2-7) CCS-II Bharat AC-001 Bharat DC-001,3.3,3.3,1
BEE_EV_PCS_2025,Ather,Private,Gujarat,AMRELI,RAJULA,"NEAR AGARIYA JAKAT NAKA,, OPPO. GAUSHALA, RAJULA, RAJULA, AMRELI, Gujarat Shop No 5, Bhatiya Colony, Milk Plant Road, Plot No. 21, 1, Mathura Rd, Pocket 3, Rajiv Enclave, Sector 6, Faridabad, Haryana 121006 Jai Bhola Traders Pillar No, 688,16/6, Delhi Mathura Road, F7, Shushant Lok 2 Near Hong Kong Bazar, Sector 57, Gurugram, Haryana 122011 Faridabad - Gurgaon Rd, Baliawas, Bandhwari, Haryana 122102 Guru Daksh Steel Scrap Shop Near Grofer Store Village Dhankot, Ram Kishan, Dundahera, School Wali Gali, Gurugram Opposite Ayyappa Temple, Dundahera, Surya Vihar, Sector 21, Gurugram 51-52 Km Stone Gt Karnal Road, Murthal, Sonepat, Haryana 131024 54Th Mile Stone, Grand Trunk Rd, Murthal, Haryana 131039 638,Model Town Rd, 163, Amravati Enclave, Shimla Road, Panchkula 884, Village Alipur, NH7 Panchkula, Haryana Pinjori Road, Nawan Nagar, Pinjore, Blue Jay Tourist Complex C/O HTCL, Samalkha, Haryana",28.39889,76.955099,CCS LEV DC Charge Point (IS-17017-2-7) CCS-II Bharat AC-001 Bharat DC-001,3.3,3.3,1
BEE_EV_PCS_2025,Ather,Private,Gujarat,AMRELI,RAJULA,"NEAR AGARIYA JAKAT NAKA,, OPPO. GAUSHALA, RAJULA, RAJULA, AMRELI, Gujarat Shop No 5, Bhatiya Colony, Milk Plant Road, Plot No. 21, 1, Mathura Rd, Pocket 3, Rajiv Enclave, Sector 6, Faridabad, Haryana 121006 Jai Bhola Traders Pillar No, 688,16/6, Delhi Mathura Road, F7, Shushant Lok 2 Near Hong Kong Bazar, Sector 57, Gurugram, Haryana 122011 Faridabad - Gurgaon Rd, Baliawas, Bandhwari, Haryana 122102 Guru Daksh Steel Scrap Shop Near Grofer Store Village Dhankot, Ram Kishan, Dundahera, School Wali Gali, Gurugram Opposite Ayyappa Temple, Dundahera, Surya Vihar, Sector 21, Gurugram 51-52 Km Stone Gt Karnal Road, Murthal, Sonepat, Haryana 131024 54Th Mile Stone, Grand Trunk Rd, Murthal, Haryana 131039 638,Model Town Rd, 163, Amravati Enclave, Shimla Road, Panchkula 884, Village Alipur, NH7 Panchkula, Haryana Pinjori Road, Nawan Nagar, Pinjore, Blue Jay Tourist Complex C/O HTCL, Samalkha, Haryana",28.418155,77.310754,CCS LEV DC Charge Point (IS-17017-2-7) CCS-II Bharat AC-001 Bharat DC-001,3.3,3.3,1
BEE_EV_PCS_2025,Ather,Private,Gujarat,AMRELI,RAJULA,"NEAR AGARIYA JAKAT NAKA,, OPPO. GAUSHALA, RAJULA, RAJULA, AMRELI, Gujarat Shop No 5, Bhatiya Colony, Milk Plant Road, Plot No. 21, 1, Mathura Rd, Pocket 3, Rajiv Enclave, Sector 6, Faridabad, Haryana 121006 Jai Bhola Traders Pillar No, 688,16/6, Delhi Mathura Road, F7, Shushant Lok 2 Near Hong Kong Bazar, Sector 57, Gurugram, Haryana 122011 Faridabad - Gurgaon Rd, Baliawas, Bandhwari, Haryana 122102 Guru Daksh Steel Scrap Shop Near Grofer Store Village Dhankot, Ram Kishan, Dundahera, School Wali Gali, Gurugram Opposite Ayyappa Temple, Dundahera, Surya Vihar, Sector 21, Gurugram 51-52 Km Stone Gt Karnal Road, Murthal, Sonepat, Haryana 131024 54Th Mile Stone, Grand Trunk Rd, Murthal, Haryana 131039 638,Model Town Rd, 163, Amravati Enclave, Shimla Road, Panchkula 884, Village Alipur, NH7 Panchkula, Haryana Pinjori Road, Nawan Nagar, Pinjore, Blue Jay Tourist Complex C/O HTCL, Samalkha, Haryana",28.419524,77.088514,CCS LEV DC Charge Point (IS-17017-2-7) CCS-II Bharat AC-001 Bharat DC-001,3.3,3.3,1
BEE_EV_PCS_2025,Ather,Private,Gujarat,AMRELI,RAJULA,"NEAR AGARIYA JAKAT NAKA,, OPPO. GAUSHALA, RAJULA, RAJULA, AMRELI, Gujarat Shop No 5, Bhatiya Colony, Milk Plant Road, Plot No. 21, 1, Mathura Rd, Pocket 3, Rajiv Enclave, Sector 6, Faridabad, Haryana 121006 Jai Bhola Traders Pillar No, 688,16/6, Delhi Mathura Road, F7, Shushant Lok 2 Near Hong Kong Bazar, Sector 57, Gurugram, Haryana 122011 Faridabad - Gurgaon Rd, Baliawas, Bandhwari, Haryana 122102 Guru Daksh Steel Scrap Shop Near Grofer Store Village Dhankot, Ram Kishan, Dundahera, School Wali Gali, Gurugram Opposite Ayyappa Temple, Dundahera, Surya Vihar, Sector 21, Gurugram 51-52 Km Stone Gt Karnal Road, Murthal, Sonepat, Haryana 131024 54Th Mile Stone, Grand Trunk Rd, Murthal, Haryana 131039 638,Model Town Rd, 163, Amravati Enclave, Shimla Road, Panchkula 884, Village Alipur, NH7 Panchkula, Haryana Pinjori Road, Nawan Nagar, Pinjore, Blue Jay Tourist Complex C/O HTCL, Samalkha, Haryana",28.428213,77.140546,CCS LEV DC Charge Point (IS-17017-2-7) CCS-II Bharat AC-001 Bharat DC-001,3.3,3.3,1
BEE_EV_PCS_2025,Ather,Private,Gujarat,AMRELI,RAJULA,"NEAR AGARIYA JAKAT NAKA,, OPPO. GAUSHALA, RAJULA, RAJULA, AMRELI, Gujarat Shop No 5, Bhatiya Colony, Milk Plant Road, Plot No. 21, 1, Mathura Rd, Pocket 3, Rajiv Enclave, Sector 6, Faridabad, Haryana 121006 Jai Bhola Traders Pillar No, 688,16/6, Delhi Mathura Road, F7, Shushant Lok 2 Near Hong Kong Bazar, Sector 57, Gurugram, Haryana 122011 Faridabad - Gurgaon Rd, Baliawas, Bandhwari, Haryana 122102 Guru Daksh Steel Scrap Shop Near Grofer Store Village Dhankot, Ram Kishan, Dundahera, School Wali Gali, Gurugram Opposite Ayyappa Temple, Dundahera, Surya Vihar, Sector 21, Gurugram 51-52 Km Stone Gt Karnal Road, Murthal, Sonepat, Haryana 131024 54Th Mile Stone, Grand Trunk Rd, Murthal, Haryana 131039 638,Model Town Rd, 163, Amravati Enclave, Shimla Road, Panchkula 884, Village Alipur, NH7 Panchkula, Haryana Pinjori Road, Nawan Nagar, Pinjore, Blue Jay Tourist Complex C/O HTCL, Samalkha, Haryana",28.462509,77.080311,CCS LEV DC Charge Point (IS-17017-2-7) CCS-II Bharat AC-001 Bharat DC-001,3.3,3.3,1
BEE_EV_PCS_2025,Ather,Private,Gujarat,AMRELI,RAJULA,"NEAR AGARIYA JAKAT NAKA,, OPPO. GAUSHALA, RAJULA, RAJULA, AMRELI, Gujarat Shop No 5, Bhatiya Colony, Milk Plant Road, Plot No. 21, 1, Mathura Rd, Pocket 3, Rajiv Enclave, Sector 6, Faridabad, Haryana 121006 Jai Bhola Traders Pillar No, 688,16/6, Delhi Mathura Road, F7, Shushant Lok 2 Near Hong Kong Bazar, Sector 57, Gurugram, Haryana 122011 Faridabad - Gurgaon Rd, Baliawas, Bandhwari, Haryana 122102 Guru Daksh Steel Scrap Shop Near Grofer Store Village Dhankot, Ram Kishan, Dundahera, School Wali Gali, Gurugram Opposite Ayyappa Temple, Dundahera, Surya Vihar, Sector 21, Gurugram 51-52 Km Stone Gt Karnal Road, Murthal, Sonepat, Haryana 131024 54Th Mile Stone, Grand Trunk Rd, Murthal, Haryana 131039 638,Model Town Rd, 163, Amravati Enclave, Shimla Road, Panchkula 884, Village Alipur, NH7 Panchkula, Haryana Pinjori Road, Nawan Nagar, Pinjore, Blue Jay Tourist Complex C/O HTCL, Samalkha, Haryana",28.475221,76.962037,CCS LEV DC Charge Point (IS-17017-2-7) CCS-II Bharat AC-001 Bharat DC-001,3.3,3.3,1
BEE_EV_PCS_2025,Ather,Private,Gujarat,AMRELI,RAJULA,"NEAR AGARIYA JAKAT NAKA,, OPPO. GAUSHALA, RAJULA, RAJULA, AMRELI, Gujarat Shop No 5, Bhatiya Colony, Milk Plant Road, Plot No. 21, 1, Mathura Rd, Pocket 3, Rajiv Enclave, Sector 6, Faridabad, Haryana 121006 Jai Bhola Traders Pillar No, 688,16/6, Delhi Mathura Road, F7, Shushant Lok 2 Near Hong Kong Bazar, Sector 57, Gurugram, Haryana 122011 Faridabad - Gurgaon Rd, Baliawas, Bandhwari, Haryana 122102 Guru Daksh Steel Scrap Shop Near Grofer Store Village Dhankot, Ram Kishan, Dundahera, School Wali Gali, Gurugram Opposite Ayyappa Temple, Dundahera, Surya Vihar, Sector 21, Gurugram 51-52 Km Stone Gt Karnal Road, Murthal, Sonepat, Haryana 131024 54Th Mile Stone, Grand Trunk Rd, Murthal, Haryana 131039 638,Model Town Rd, 163, Amravati Enclave, Shimla Road, Panchkula 884, Village Alipur, NH7 Panchkula, Haryana Pinjori Road, Nawan Nagar, Pinjore, Blue Jay Tourist Complex C/O HTCL, Samalkha, Haryana",28.515769,77.076482,CCS LEV DC Charge Point (IS-17017-2-7) CCS-II Bharat AC-001 Bharat DC-001,3.3,3.3,1
BEE_EV_PCS_2025,Ather,Private,Gujarat,AMRELI,RAJULA,"NEAR AGARIYA JAKAT NAKA,, OPPO. GAUSHALA, RAJULA, RAJULA, AMRELI, Gujarat Shop No 5, Bhatiya Colony, Milk Plant Road, Plot No. 21, 1, Mathura Rd, Pocket 3, Rajiv Enclave, Sector 6, Faridabad, Haryana 121006 Jai Bhola Traders Pillar No, 688,16/6, Delhi Mathura Road, F7, Shushant Lok 2 Near Hong Kong Bazar, Sector 57, Gurugram, Haryana 122011 Faridabad - Gurgaon Rd, Baliawas, Bandhwari, Haryana 122102 Guru Daksh Steel Scrap Shop Near Grofer Store Village Dhankot, Ram Kishan, Dundahera, School Wali Gali, Gurugram Opposite Ayyappa Temple, Dundahera, Surya Vihar, Sector 21, Gurugram 51-52 Km Stone Gt Karnal Road, Murthal, Sonepat, Haryana 131024 54Th Mile Stone, Grand Trunk Rd, Murthal, Haryana 131039 638,Model Town Rd, 163, Amravati Enclave, Shimla Road, Panchkula 884, Village Alipur, NH7 Panchkula, Haryana Pinjori Road, Nawan Nagar, Pinjore, Blue Jay Tourist Complex C/O HTCL, Samalkha, Haryana",28.518428,77.071902,CCS LEV DC Charge Point (IS-17017-2-7) CCS-II Bharat AC-001 Bharat DC-001,3.3,3.3,1
BEE_EV_PCS_2025,Ather,Private,Gujarat,AMRELI,RAJULA,"NEAR AGARIYA JAKAT NAKA,, OPPO. GAUSHALA, RAJULA, RAJULA, AMRELI, Gujarat Shop No 5, Bhatiya Colony, Milk Plant Road, Plot No. 21, 1, Mathura Rd, Pocket 3, Rajiv Enclave, Sector 6, Faridabad, Haryana 121006 Jai Bhola Traders Pillar No, 688,16/6, Delhi Mathura Road, F7, Shushant Lok 2 Near Hong Kong Bazar, Sector 57, Gurugram, Haryana 122011 Faridabad - Gurgaon Rd, Baliawas, Bandhwari, Haryana 122102 Guru Daksh Steel Scrap Shop Near Grofer Store Village Dhankot, Ram Kishan, Dundahera, School Wali Gali, Gurugram Opposite Ayyappa Temple, Dundahera, Surya Vihar, Sector 21, Gurugram 51-52 Km Stone Gt Karnal Road, Murthal, Sonepat, Haryana 131024 54Th Mile Stone, Grand Trunk Rd, Murthal, Haryana 131039 638,Model Town Rd, 163, Amravati Enclave, Shimla Road, Panchkula 884, Village Alipur, NH7 Panchkula, Haryana Pinjori Road, Nawan Nagar, Pinjore, Blue Jay Tourist Complex C/O HTCL, Samalkha, Haryana",29.05284,77.065495,CCS LEV DC Charge Point (IS-17017-2-7) CCS-II Bharat AC-001 Bharat DC-001,3.3,3.3,1
BEE_EV_PCS_2025,Ather,Private,Gujarat,AMRELI,RAJULA,"NEAR AGARIYA JAKAT NAKA,, OPPO. GAUSHALA, RAJULA, RAJULA, AMRELI, Gujarat Shop No 5, Bhatiya Colony, Milk Plant Road, Plot No. 21, 1, Mathura Rd, Pocket 3, Rajiv Enclave, Sector 6, Faridabad, Haryana 121006 Jai Bhola Traders Pillar No, 688,16/6, Delhi Mathura Road, F7, Shushant Lok 2 Near Hong Kong Bazar, Sector 57, Gurugram, Haryana 122011 Faridabad - Gurgaon Rd, Baliawas, Bandhwari, Haryana 122102 Guru Daksh Steel Scrap Shop Near Grofer Store Village Dhankot, Ram Kishan, Dundahera, School Wali Gali, Gurugram Opposite Ayyappa Temple, Dundahera, Surya Vihar, Sector 21, Gurugram 51-52 Km Stone Gt Karnal Road, Murthal, Sonepat, Haryana 131024 54Th Mile Stone, Grand Trunk Rd, Murthal, Haryana 131039 638,Model Town Rd, 163, Amravati Enclave, Shimla Road, Panchkula 884, Village Alipur, NH7 Panchkula, Haryana Pinjori Road, Nawan Nagar, Pinjore, Blue Jay Tourist Complex C/O HTCL, Samalkha, Haryana",29.0757,77.062044,CCS LEV DC Charge Point (IS-17017-2-7) CCS-II Bharat AC-001 Bharat DC-001,3.3,3.3,1
BEE_EV_PCS_2025,Ather,Private,Gujarat,AMRELI,RAJULA,"NEAR AGARIYA JAKAT NAKA,, OPPO. GAUSHALA, RAJULA, RAJULA, AMRELI, Gujarat Shop No 5, Bhatiya Colony, Milk Plant Road, Plot No. 21, 1, Mathura Rd, Pocket 3, Rajiv Enclave, Sector 6, Faridabad, Haryana 121006 Jai Bhola Traders Pillar No, 688,16/6, Delhi Mathura Road, F7, Shushant Lok 2 Near Hong Kong Bazar, Sector 57, Gurugram, Haryana 122011 Faridabad - Gurgaon Rd, Baliawas, Bandhwari, Haryana 122102 Guru Daksh Steel Scrap Shop Near Grofer Store Village Dhankot, Ram Kishan, Dundahera, School Wali Gali, Gurugram Opposite Ayyappa Temple, Dundahera, Surya Vihar, Sector 21, Gurugram 51-52 Km Stone Gt Karnal Road, Murthal, Sonepat, Haryana 131024 54Th Mile Stone, Grand Trunk Rd, Murthal, Haryana 131039 638,Model Town Rd, 163, Amravati Enclave, Shimla Road, Panchkula 884, Village Alipur, NH7 Panchkula, Haryana Pinjori Road, Nawan Nagar, Pinjore, Blue Jay Tourist Complex C/O HTCL, Samalkha, Haryana",29.382018,76.960171,CCS LEV DC Charge Point (IS-17017-2-7) CCS-II Bharat AC-001 Bharat DC-001,3.3,3.3,1
BEE_EV_PCS_2025,BEL,Govt.,Gujarat,AMRELI,RAJULA,"NEAR AGARIYA JAKAT NAKA,, OPPO. GAUSHALA, RAJULA, RAJULA, AMRELI, Gujarat Shop No 5, Bhatiya Colony, Milk Plant Road, Plot No. 21, 1, Mathura Rd, Pocket 3, Rajiv Enclave, Sector 6, Faridabad, Haryana 121006 Jai Bhola Traders Pillar No, 688,16/6, Delhi Mathura Road, F7, Shushant Lok 2 Near Hong Kong Bazar, Sector 57, Gurugram, Haryana 122011 Faridabad - Gurgaon Rd, Baliawas, Bandhwari, Haryana 122102 Guru Daksh Steel Scrap Shop Near Grofer Store Village Dhankot, Ram Kishan, Dundahera, School Wali Gali, Gurugram Opposite Ayyappa Temple, Dundahera, Surya Vihar, Sector 21, Gurugram 51-52 Km Stone Gt Karnal Road, Murthal, Sonepat, Haryana 131024 54Th Mile Stone, Grand Trunk Rd, Murthal, Haryana 131039 638,Model Town Rd, 163, Amravati Enclave, Shimla Road, Panchkula 884, Village Alipur, NH7 Panchkula, Haryana Pinjori Road, Nawan Nagar, Pinjore, Blue Jay Tourist Complex C/O HTCL, Samalkha, Haryana",30.75756,76.90183,CCS LEV DC Charge Point (IS-17017-2-7) CCS-II Bharat AC-001 Bharat DC-001,25.0,25,1
BEE_EV_PCS_2025,BEL,Govt.,Gujarat,AMRELI,RAJULA,"NEAR AGARIYA JAKAT NAKA,, OPPO. GAUSHALA, RAJULA, RAJULA, AMRELI, Gujarat Shop No 5, Bhatiya Colony, Milk Plant Road, Plot No. 21, 1, Mathura Rd, Pocket 3, Rajiv Enclave, Sector 6, Faridabad, Haryana 121006 Jai Bhola Traders Pillar No, 688,16/6, Delhi Mathura Road, F7, Shushant Lok 2 Near Hong Kong Bazar, Sector 57, Gurugram, Haryana 122011 Faridabad - Gurgaon Rd, Baliawas, Bandhwari, Haryana 122102 Guru Daksh Steel Scrap Shop Near Grofer Store Village Dhankot, Ram Kishan, Dundahera, School Wali Gali, Gurugram Opposite Ayyappa Temple, Dundahera, Surya Vihar, Sector 21, Gurugram 51-52 Km Stone Gt Karnal Road, Murthal, Sonepat, Haryana 131024 54Th Mile Stone, Grand Trunk Rd, Murthal, Haryana 131039 638,Model Town Rd, 163, Amravati Enclave, Shimla Road, Panchkula 884, Village Alipur, NH7 Panchkula, Haryana Pinjori Road, Nawan Nagar, Pinjore, Blue Jay Tourist Complex C/O HTCL, Samalkha, Haryana",30.601748,76.955871,CCS LEV DC Charge Point (IS-17017-2-7) CCS-II Bharat AC-001 Bharat DC-001,25.0,25,1
BEE_EV_PCS_2025,BEL,Govt.,Gujarat,AMRELI,RAJULA,"NEAR AGARIYA JAKAT NAKA,, OPPO. GAUSHALA, RAJULA, RAJULA, AMRELI, Gujarat Shop No 5, Bhatiya Colony, Milk Plant Road, Plot No. 21, 1, Mathura Rd, Pocket 3, Rajiv Enclave, Sector 6, Faridabad, Haryana 121006 Jai Bhola Traders Pillar No, 688,16/6, Delhi Mathura Road, F7, Shushant Lok 2 Near Hong Kong Bazar, Sector 57, Gurugram, Haryana 122011 Faridabad - Gurgaon Rd, Baliawas, Bandhwari, Haryana 122102 Guru Daksh Steel Scrap Shop Near Grofer Store Village Dhankot, Ram Kishan, Dundahera, School Wali Gali, Gurugram Opposite Ayyappa Temple, Dundahera, Surya Vihar, Sector 21, Gurugram 51-52 Km Stone Gt Karnal Road, Murthal, Sonepat, Haryana 131024 54Th Mile Stone, Grand Trunk Rd, Murthal, Haryana 131039 638,Model Town Rd, 163, Amravati Enclave, Shimla Road, Panchkula 884, Village Alipur, NH7 Panchkula, Haryana Pinjori Road, Nawan Nagar, Pinjore, Blue Jay Tourist Complex C/O HTCL, Samalkha, Haryana",30.601875,76.951456,CCS LEV DC Charge Point (IS-17017-2-7) CCS-II Bharat AC-001 Bharat DC-001,25.0,25,1
BEE_EV_PCS_2025,BHEL,Govt.,Gujarat,AMRELI,RAJULA,"NEAR AGARIYA JAKAT NAKA,, OPPO. GAUSHALA, RAJULA, RAJULA, AMRELI, Gujarat Shop No 5, Bhatiya Colony, Milk Plant Road, Plot No. 21, 1, Mathura Rd, Pocket 3, Rajiv Enclave, Sector 6, Faridabad, Haryana 121006 Jai Bhola Traders Pillar No, 688,16/6, Delhi Mathura Road, F7, Shushant Lok 2 Near Hong Kong Bazar, Sector 57, Gurugram, Haryana 122011 Faridabad - Gurgaon Rd, Baliawas, Bandhwari, Haryana 122102 Guru Daksh Steel Scrap Shop Near Grofer Store Village Dhankot, Ram Kishan, Dundahera, School Wali Gali, Gurugram Opposite Ayyappa Temple, Dundahera, Surya Vihar, Sector 21, Gurugram 51-52 Km Stone Gt Karnal Road, Murthal, Sonepat, Haryana 131024 54Th Mile Stone, Grand Trunk Rd, Murthal, Haryana 131039 638,Model Town Rd, 163, Amravati Enclave, Shimla Road, Panchkula 884, Village Alipur, NH7 Panchkula, Haryana Pinjori Road, Nawan Nagar, Pinjore, Blue Jay Tourist Complex C/O HTCL, Samalkha, Haryana",29.235,77.012,CCS LEV DC Charge Point (IS-17017-2-7) CCS-II Bharat AC-001 Bharat DC-001,10.0,3.3,1
BEE_EV_PCS_2025,BHEL,Govt.,Gujarat,AMRELI,RAJULA,"NEAR AGARIYA JAKAT NAKA,, OPPO. GAUSHALA, RAJULA, RAJULA, AMRELI, Gujarat Shop No 5, Bhatiya Colony, Milk Plant Road, Plot No. 21, 1, Mathura Rd, Pocket 3, Rajiv Enclave, Sector 6, Faridabad, Haryana 121006 Jai Bhola Traders Pillar No, 688,16/6, Delhi Mathura Road, F7, Shushant Lok 2 Near Hong Kong Bazar, Sector 57, Gurugram, Haryana 122011 Faridabad - Gurgaon Rd, Baliawas, Bandhwari, Haryana 122102 Guru Daksh Steel Scrap Shop Near Grofer Store Village Dhankot, Ram Kishan, Dundahera, School Wali Gali, Gurugram Opposite Ayyappa Temple, Dundahera, Surya Vihar, Sector 21, Gurugram 51-52 Km Stone Gt Karnal Road, Murthal, Sonepat, Haryana 131024 54Th Mile Stone, Grand Trunk Rd, Murthal, Haryana 131039 638,Model Town Rd, 163, Amravati Enclave, Shimla Road, Panchkula 884, Village Alipur, NH7 Panchkula, Haryana Pinjori Road, Nawan Nagar, Pinjore, Blue Jay Tourist Complex C/O HTCL, Samalkha, Haryana",29.235,77.012,CCS LEV DC Charge Point (IS-17017-2-7) CCS-II Bharat AC-001 Bharat DC-001,15.0,15,1
